;Time;E;S;ES;P
0;0.0;100;500;10;0
1;0.019713934601210206;101;501;9;0
2;0.08711125530256686;102;501;8;1
3;0.11543853799134873;103;501;7;2
4;0.15898078307582264;104;502;6;2
5;0.1830461894696626;105;503;5;2
6;0.2686108267744808;106;503;4;3
7;0.3127093507895262;105;502;5;3
8;0.34697782015238904;106;502;4;4
9;0.41437081041561813;105;501;5;4
10;0.46966805673450696;106;501;4;5
11;0.5159052967142693;107;502;3;5
12;0.5421828528883201;108;502;2;6
13;0.5698906555699048;109;503;1;6
14;0.7587281298915587;108;502;2;6
15;0.8784500104934804;109;503;1;6
16;0.8975403125676343;108;502;2;6
17;0.9847031282169163;109;502;1;7
18;1.2486650977225329;108;501;2;7
19;1.3675826088122052;109;502;1;7
20;1.601628441105028;108;501;2;7
21;1.6611173847860758;109;502;1;7
22;1.952799434088129;110;502;0;8
23;2.06105854424529;109;501;1;8
24;2.062168293981404;110;501;0;9
25;2.1519922515099172;109;500;1;9
26;2.370783163249256;108;499;2;9
27;2.6734336731409822;109;500;1;9
28;2.694058872851551;108;499;2;9
29;2.7208143613116658;109;500;1;9
30;2.7220096267465044;110;501;0;9
31;2.747028470424358;109;500;1;9
32;2.7570181982395834;108;499;2;9
33;2.8137706844485844;109;499;1;10
34;3.0200125423733883;108;498;2;10
35;3.4320514183844986;109;498;1;11
36;3.4648707658678957;110;498;0;12
37;3.5131037352047563;109;497;1;12
38;3.5918860569966826;110;498;0;12
39;3.624434094259947;109;497;1;12
40;3.664435185232745;108;496;2;12
41;3.691420484776838;107;495;3;12
42;3.751441011651017;108;496;2;12
43;3.7641742774767715;107;495;3;12
44;3.77745477994566;108;495;2;13
45;3.778019462552692;107;494;3;13
46;3.8541219536114166;108;495;2;13
47;4.108875621938281;107;494;3;13
48;4.212197136841166;106;493;4;13
49;4.237773916246464;107;494;3;13
50;4.248772317916414;108;494;2;14
51;4.251130665353127;107;493;3;14
52;4.3175267255694605;108;494;2;14
53;4.4370724279976015;107;493;3;14
54;4.625914455930392;106;492;4;14
55;4.634257664252288;107;492;3;15
56;4.670670502556802;108;492;2;16
57;4.703556092010077;109;493;1;16
58;4.75767787014484;110;493;0;17
59;4.846316750157571;109;492;1;17
60;4.8949644035762585;110;493;0;17
61;4.937532849294002;109;492;1;17
62;4.96825065660313;108;491;2;17
63;5.002723285933504;107;490;3;17
64;5.137459492534831;108;491;2;17
65;5.17202721739758;107;490;3;17
66;5.272099326325941;108;490;2;18
67;5.403504668827674;109;491;1;18
68;5.504056273243386;110;492;0;18
69;5.782806514634202;109;491;1;18
70;5.7834553859895275;108;490;2;18
71;6.074483421500777;107;489;3;18
72;6.079367446332295;108;490;2;18
73;6.1188062760632365;109;491;1;18
74;6.460627086541881;110;492;0;18
75;6.560417266528235;109;491;1;18
76;6.91206476826193;108;490;2;18
77;7.005104914224476;109;491;1;18
78;7.122141033809828;108;490;2;18
79;7.144132859890956;109;491;1;18
80;7.233299304099276;108;490;2;18
81;7.261153026162239;109;491;1;18
82;7.338072735708481;108;490;2;18
83;7.365195763766521;107;489;3;18
84;7.380118607602447;108;489;2;19
85;7.433276524676403;107;488;3;19
86;7.452922286455163;108;489;2;19
87;7.486211376752344;107;488;3;19
88;7.486893383369691;108;488;2;20
89;7.497302982243118;109;488;1;21
90;7.535028191077911;110;488;0;22
91;7.5517200256150065;109;487;1;22
92;7.561278140650882;110;488;0;22
93;7.803720204055703;109;487;1;22
94;7.992995721543628;108;486;2;22
95;8.015152583331153;109;486;1;23
96;8.12640781403507;108;485;2;23
97;8.26333422240841;107;484;3;23
98;8.377786155929368;106;483;4;23
99;8.409831341873279;105;482;5;23
100;8.473833214265818;104;481;6;23
101;8.536615300202463;103;480;7;23
102;8.618395919297164;104;481;6;23
103;8.68081783636745;105;482;5;23
104;8.700492190356181;106;482;4;24
105;8.714680749376036;107;482;3;25
106;8.77878207309949;108;483;2;25
107;8.78376234553221;109;484;1;25
108;8.995170589758374;110;485;0;25
109;9.462145594928456;109;484;1;25
110;9.860107341563719;110;485;0;25
111;9.914919240801973;109;484;1;25
112;10.039480775665178;108;483;2;25
113;10.081635676676598;109;484;1;25
114;10.164871178825964;108;483;2;25
115;10.227851377926696;107;482;3;25
116;10.396621417586077;106;481;4;25
117;10.458987979558755;107;482;3;25
118;10.584066946425144;106;481;4;25
119;10.725630963444736;107;481;3;26
120;10.816432554032374;108;481;2;27
121;10.9784818510634;109;482;1;27
122;11.095015248670006;110;483;0;27
123;11.145557062088061;109;482;1;27
124;11.751857415918062;108;481;2;27
125;11.949246696660733;107;480;3;27
126;12.002718409203025;108;480;2;28
127;12.046824547127802;107;479;3;28
128;12.106503308803758;108;480;2;28
129;12.13594495039706;107;479;3;28
130;12.161069041385012;106;478;4;28
131;12.19072144907262;107;479;3;28
132;12.208975163006933;106;478;4;28
133;12.233583900056296;105;477;5;28
134;12.280920129669786;104;476;6;28
135;12.305288808855156;105;477;5;28
136;12.308332571348682;106;478;4;28
137;12.333103721200947;107;478;3;29
138;12.380843198996835;108;479;2;29
139;12.487135397645892;107;478;3;29
140;12.506843377741387;108;478;2;30
141;12.567964705453768;109;479;1;30
142;12.686965666905337;110;480;0;30
143;13.034465287119248;109;479;1;30
144;13.18268588605854;108;478;2;30
145;13.21947685508173;107;477;3;30
146;13.233370885789318;108;478;2;30
147;13.233435062141996;109;479;1;30
148;13.274773724570926;110;479;0;31
149;13.283718927039477;109;478;1;31
150;13.3511135588964;108;477;2;31
151;13.519703117210948;107;476;3;31
152;13.547294265036944;106;475;4;31
153;13.589762601719311;107;476;3;31
154;13.6033791615196;108;477;2;31
155;13.675178715987961;107;476;3;31
156;13.775214137012538;108;476;2;32
157;13.874713905217654;107;475;3;32
158;13.917750557080437;108;475;2;33
159;13.948899179425624;109;475;1;34
160;14.110247093461723;110;475;0;35
161;14.111412571677953;109;474;1;35
162;14.343427990815668;108;473;2;35
163;14.37993193804784;107;472;3;35
164;14.478751235195933;108;473;2;35
165;14.553128342168389;109;473;1;36
166;14.559735660344117;108;472;2;36
167;14.619121044670782;107;471;3;36
168;14.640295318359284;108;472;2;36
169;15.0507946315762;107;471;3;36
170;15.116792215853794;108;471;2;37
171;15.196973409974225;109;472;1;37
172;15.293028314386088;108;471;2;37
173;15.3569113033774;109;471;1;38
174;15.508433725657545;110;472;0;38
175;15.644918486351292;109;471;1;38
176;15.676044624220072;110;472;0;38
177;15.766492040663312;109;471;1;38
178;15.922058110347669;108;470;2;38
179;15.92569639255484;109;471;1;38
180;15.947530034456502;110;472;0;38
181;16.036872771461375;109;471;1;38
182;16.089032403453214;110;472;0;38
183;16.158524522804306;109;471;1;38
184;16.317560899824496;110;472;0;38
185;16.47220983158851;109;471;1;38
186;16.495752858801996;110;472;0;38
187;16.945981038171443;109;471;1;38
188;16.957162697970727;110;472;0;38
189;17.318775730376196;109;471;1;38
190;17.374242323523;108;470;2;38
191;17.581648714405063;107;469;3;38
192;17.651724993713728;106;468;4;38
193;17.654721725388338;107;469;3;38
194;17.67921407019703;108;470;2;38
195;17.892296580712493;107;469;3;38
196;17.95905311147743;106;468;4;38
197;17.966669272681745;107;469;3;38
198;17.97657628323098;108;470;2;38
199;17.977100109525022;109;471;1;38
200;18.101829588618845;108;470;2;38
201;18.190092875345556;107;469;3;38
202;18.211316893233324;108;470;2;38
203;18.265620890023115;109;470;1;39
204;18.38076776850699;110;470;0;40
205;18.58559988726692;109;469;1;40
206;18.58822957695781;108;468;2;40
207;18.592578220222507;109;469;1;40
208;18.595878083891773;110;470;0;40
209;18.824396480993595;109;469;1;40
210;18.8282824108806;108;468;2;40
211;18.891435385836818;109;469;1;40
212;18.934211861548654;108;468;2;40
213;19.21817755662821;109;468;1;41
214;19.223565849111814;108;467;2;41
215;19.269928865854013;109;467;1;42
216;19.27233039234362;110;468;0;42
217;19.356902297009288;109;467;1;42
218;19.509644003814213;110;468;0;42
219;19.894760015344815;109;467;1;42
220;19.907416593960463;108;466;2;42
221;19.90959693708113;109;467;1;42
222;19.91720371947528;108;466;2;42
223;19.96512525772229;107;465;3;42
224;19.98945681287563;106;464;4;42
225;20.00071967003956;107;465;3;42
226;20.06313336138059;108;465;2;43
227;20.122067806259913;109;466;1;43
228;20.229121175220957;108;465;2;43
229;20.314896910881465;109;466;1;43
230;20.34516599607014;110;466;0;44
231;20.39170411482268;109;465;1;44
232;20.528056024433777;110;466;0;44
233;20.779161274349654;109;465;1;44
234;20.814053246609756;108;464;2;44
235;20.901430638563603;109;465;1;44
236;21.02263686438691;108;464;2;44
237;21.02575936470315;107;463;3;44
238;21.02836705919033;108;464;2;44
239;21.100851365265342;107;463;3;44
240;21.241237464085046;108;463;2;45
241;21.522527068776014;109;463;1;46
242;21.66215410485908;108;462;2;46
243;21.774123553693123;107;461;3;46
244;21.832685374629598;108;462;2;46
245;21.960830991208873;109;463;1;46
246;22.058121919686823;108;462;2;46
247;22.13195918756048;109;462;1;47
248;22.196008317404807;108;461;2;47
249;22.258368554191513;109;461;1;48
250;22.292515795464563;110;462;0;48
251;22.401290204716293;109;461;1;48
252;22.57091500739931;108;460;2;48
253;22.62474670076883;107;459;3;48
254;22.71752817547592;106;458;4;48
255;22.74254621763874;107;459;3;48
256;22.756344778479793;106;458;4;48
257;22.790179684879963;105;457;5;48
258;22.796863736513036;106;458;4;48
259;22.88839982645677;107;458;3;49
260;23.02901069111222;108;459;2;49
261;23.06158806577385;109;460;1;49
262;23.086725446639285;110;461;0;49
263;23.09585706355846;109;460;1;49
264;23.234263829387523;108;459;2;49
265;23.29014589106707;109;460;1;49
266;23.359413449477415;110;461;0;49
267;23.517072220993498;109;460;1;49
268;23.645227516278585;110;460;0;50
269;23.931070234586986;109;459;1;50
270;24.068779424582633;108;458;2;50
271;24.070088992668207;109;459;1;50
272;24.259115522726255;108;458;2;50
273;24.286499454610276;109;459;1;50
274;24.308486444531287;110;460;0;50
275;24.419981711115437;109;459;1;50
276;24.69624248477391;108;458;2;50
277;24.8940673005277;109;458;1;51
278;25.04272684471793;108;457;2;51
279;25.079178167960638;107;456;3;51
280;25.22078599581826;108;457;2;51
281;25.314624389222228;109;458;1;51
282;25.429450896423948;108;457;2;51
283;25.59921976966601;107;456;3;51
284;25.67379098548111;106;455;4;51
285;25.724107960267837;107;456;3;51
286;25.73701101485055;108;457;2;51
287;25.76624200574834;109;457;1;52
288;26.138773055440183;108;456;2;52
289;26.37768329861986;109;456;1;53
290;26.597540377205032;110;457;0;53
291;26.674908759686737;109;456;1;53
292;26.76844521357703;108;455;2;53
293;26.774078329419762;109;456;1;53
294;26.99222189344004;108;455;2;53
295;27.046822784274887;107;454;3;53
296;27.115085063117956;106;453;4;53
297;27.14337341692226;107;454;3;53
298;27.149092675814167;106;453;4;53
299;27.198792706351057;107;453;3;54
300;27.200072472016117;108;453;2;55
301;27.255817484689846;109;454;1;55
302;27.260241480977566;108;453;2;55
303;27.358123139037332;109;454;1;55
304;27.487468227749584;108;453;2;55
305;27.637704506594794;109;454;1;55
306;27.67486255688038;108;453;2;55
307;27.731213043880846;107;452;3;55
308;27.73628997706463;108;453;2;55
309;27.800230615704855;107;452;3;55
310;27.80826237311847;106;451;4;55
311;27.828517446642802;107;451;3;56
312;27.872720591676927;108;452;2;56
313;27.924875385008324;109;453;1;56
314;28.011359352434045;110;453;0;57
315;28.579347318547267;109;452;1;57
316;28.741005312894817;110;452;0;58
317;28.77369591876883;109;451;1;58
318;28.98992499140182;108;450;2;58
319;29.012854548285063;109;451;1;58
320;29.24748863202455;110;451;0;59
321;29.281853708741625;109;450;1;59
322;29.2835910252017;110;450;0;60
323;29.422259219547207;109;449;1;60
324;29.567272336348204;108;448;2;60
325;29.57830468662185;109;449;1;60
326;29.691981798424486;108;448;2;60
327;29.70521121627074;109;448;1;61
328;29.83197290224143;110;449;0;61
329;29.875884970013416;109;448;1;61
330;30.020775730640374;108;447;2;61
331;30.031176256353827;109;448;1;61
332;30.054404590235183;108;447;2;61
333;30.06328842282091;109;448;1;61
334;30.177012381297057;108;447;2;61
335;30.22699534804037;109;447;1;62
336;30.932832600956047;110;448;0;62
337;30.939403488928487;109;447;1;62
338;30.96578331543419;108;446;2;62
339;30.977127642194755;109;447;1;62
340;31.12738220472909;108;446;2;62
341;31.311059401170628;109;447;1;62
342;31.353696593075153;110;448;0;62
343;31.58627594965468;109;447;1;62
344;31.79021026034391;110;448;0;62
345;32.44935218181335;109;447;1;62
346;32.45293444256153;108;446;2;62
347;32.50006806298445;109;447;1;62
348;32.69078970864096;108;446;2;62
349;32.80280271625299;109;446;1;63
350;32.908318643659754;108;445;2;63
351;33.033803099278074;107;444;3;63
352;33.049944091903264;108;445;2;63
353;33.17064665121704;107;444;3;63
354;33.17940496770396;108;445;2;63
355;33.21450903341577;107;444;3;63
356;33.25520727634912;108;444;2;64
357;33.518335857522565;109;445;1;64
358;33.58186782721136;110;446;0;64
359;33.712348395789725;109;445;1;64
360;33.8304278978497;110;446;0;64
361;33.924780769284204;109;445;1;64
362;33.92541368538933;108;444;2;64
363;33.955494966451994;107;443;3;64
364;33.98647936441037;108;444;2;64
365;34.16465204162405;109;445;1;64
366;34.45538993064158;108;444;2;64
367;34.46008344395089;107;443;3;64
368;34.465023194760775;108;444;2;64
369;34.49497763159628;107;443;3;64
370;34.500641446781465;108;444;2;64
371;34.5415534425913;109;445;1;64
372;34.597420321104174;108;444;2;64
373;34.610517163476;109;445;1;64
374;34.810163127591885;108;444;2;64
375;35.067302685482154;107;443;3;64
376;35.111639971578015;106;442;4;64
377;35.15850917592854;105;441;5;64
378;35.18253095638955;106;442;4;64
379;35.24096631971714;107;442;3;65
380;35.26315597890544;106;441;4;65
381;35.268533087800485;105;440;5;65
382;35.37156223484348;106;441;4;65
383;35.39274874691138;105;440;5;65
384;35.4288404682643;104;439;6;65
385;35.435145778431185;105;439;5;66
386;35.46404308546746;104;438;6;66
387;35.486219852140785;105;438;5;67
388;35.49983759840567;106;439;4;67
389;35.59535976127325;107;440;3;67
390;35.6559461541681;108;441;2;67
391;35.66558405239314;109;441;1;68
392;35.97328203323671;110;441;0;69
393;36.00023912363149;109;440;1;69
394;36.31029651001721;110;441;0;69
395;36.39010710229784;109;440;1;69
396;36.730628293726866;108;439;2;69
397;36.73553662422924;109;440;1;69
398;36.786305154325774;108;439;2;69
399;36.81717046736176;109;440;1;69
400;36.8845107739059;108;439;2;69
401;36.910566190308096;107;438;3;69
402;37.00481514698789;108;439;2;69
403;37.13565996464291;107;438;3;69
404;37.2320493749011;108;439;2;69
405;37.237598471244205;109;440;1;69
406;37.30478068034859;110;441;0;69
407;37.373824187070426;109;440;1;69
408;37.38514500107555;108;439;2;69
409;37.50272607036416;107;438;3;69
410;37.83949577543386;108;438;2;70
411;37.84010209991028;107;437;3;70
412;37.881035936405524;108;437;2;71
413;37.89540630685162;109;438;1;71
414;38.06265047417331;110;439;0;71
415;38.16518005374638;109;438;1;71
416;38.46157827700826;108;437;2;71
417;38.519782504220984;107;436;3;71
418;38.66538172629176;108;437;2;71
419;38.74312986196592;107;436;3;71
420;38.87038356407376;108;437;2;71
421;39.099887391608796;109;438;1;71
422;39.12186148370245;108;437;2;71
423;39.19595383938289;109;438;1;71
424;39.512897496047536;110;438;0;72
425;39.563750415092024;109;437;1;72
426;39.571952858200426;108;436;2;72
427;39.59732637043869;107;435;3;72
428;39.69157487429444;106;434;4;72
429;39.733510926063374;107;435;3;72
430;39.755295417528416;108;436;2;72
431;39.795424280073654;107;435;3;72
432;39.83494405764148;108;435;2;73
433;39.95132928365059;109;436;1;73
434;40.02836661035267;108;435;2;73
435;40.034551872275266;109;435;1;74
436;40.07549714547154;110;435;0;75
437;40.26338241891048;109;434;1;75
438;40.468335170352354;108;433;2;75
439;40.51744890724763;109;433;1;76
440;40.714316855956874;110;433;0;77
441;40.790813257010036;109;432;1;77
442;40.98620890351509;108;431;2;77
443;41.02387469497662;107;430;3;77
444;41.09937631567526;108;430;2;78
445;41.117111484771264;107;429;3;78
446;41.13321463759618;108;430;2;78
447;41.18827212266454;107;429;3;78
448;41.25504066703608;106;428;4;78
449;41.284169471491516;107;429;3;78
450;41.30531052444185;108;430;2;78
451;41.460646033848676;107;429;3;78
452;41.546751407327434;108;430;2;78
453;41.644070271544656;109;431;1;78
454;41.7263423461067;110;432;0;78
455;41.794752021505026;109;431;1;78
456;41.908238504493376;110;431;0;79
457;42.17415152030729;109;430;1;79
458;42.20618236558155;110;431;0;79
459;42.31855765382999;109;430;1;79
460;42.332469444839965;108;429;2;79
461;42.351064349716694;107;428;3;79
462;42.64702682743755;106;427;4;79
463;42.694633191657374;107;428;3;79
464;42.77296000929257;108;429;2;79
465;42.854113949079704;109;429;1;80
466;42.90014502886386;110;430;0;80
467;43.23818114223335;109;429;1;80
468;43.258287108620905;110;430;0;80
469;43.505693577205214;109;429;1;80
470;43.51144353334607;110;430;0;80
471;43.623711973096256;109;429;1;80
472;43.80901757547557;108;428;2;80
473;43.84330170693263;107;427;3;80
474;43.91379568562664;108;428;2;80
475;43.97351981153726;109;428;1;81
476;44.2758652461908;110;429;0;81
477;44.329765295619175;109;428;1;81
478;44.49330106745539;108;427;2;81
479;44.59207869335131;109;428;1;81
480;44.67621000034076;110;429;0;81
481;45.16825406104073;109;428;1;81
482;45.294348720552414;108;427;2;81
483;45.44124696880774;107;426;3;81
484;45.543416999365164;108;427;2;81
485;45.59624383802372;109;427;1;82
486;45.63258329621125;110;427;0;83
487;45.69173249088719;109;426;1;83
488;45.7520891791479;110;427;0;83
489;45.80136354596591;109;426;1;83
490;45.84978296549825;110;426;0;84
491;45.985562785369225;109;425;1;84
492;46.223130249946166;110;426;0;84
493;46.306022683576764;109;425;1;84
494;46.43303992670168;108;424;2;84
495;46.459764258821224;107;423;3;84
496;46.47786517206567;106;422;4;84
497;46.521262662517664;107;423;3;84
498;46.526944394829854;106;422;4;84
499;46.532253908733644;105;421;5;84
500;46.54037326309401;104;420;6;84
501;46.60272671737273;103;419;7;84
502;46.60361219169968;104;420;6;84
503;46.68321911573336;105;421;5;84
504;46.69280237886552;106;422;4;84
505;46.71967134103335;107;422;3;85
506;46.764660113116;108;423;2;85
507;46.77735940309924;107;422;3;85
508;46.812641300689;108;423;2;85
509;46.81771097114339;109;424;1;85
510;47.072420170268806;108;423;2;85
511;47.13616935150311;109;423;1;86
512;47.231619349748236;108;422;2;86
513;47.291767291250416;109;423;1;86
514;47.81325791010824;110;424;0;86
515;48.1045097251058;109;423;1;86
516;48.351595167897656;110;424;0;86
517;48.391369852973135;109;423;1;86
518;48.568764152203634;110;424;0;86
519;48.663369320795624;109;423;1;86
520;48.671299226323434;110;424;0;86
521;48.958430867817675;109;423;1;86
522;49.22540542449585;108;422;2;86
523;49.23052721795154;107;421;3;86
524;49.32202994607781;108;422;2;86
525;49.39241622032953;107;421;3;86
526;49.47703914060797;106;420;4;86
527;49.54212487751287;107;420;3;87
528;49.61757718096022;108;421;2;87
529;49.63711668369837;109;422;1;87
530;49.77587657876049;110;423;0;87
531;50.4974991247217;109;422;1;87
532;50.52688895699419;108;421;2;87
533;50.63901766344116;107;420;3;87
534;50.734055384541485;108;421;2;87
535;50.75917008586457;107;420;3;87
536;50.76538763235647;108;421;2;87
537;50.934080568038944;109;422;1;87
538;50.96535429380941;108;421;2;87
539;50.993682233108096;109;421;1;88
540;51.04982078762274;110;422;0;88
541;51.40848395724736;109;421;1;88
542;51.41049813108068;108;420;2;88
543;51.49052808505837;109;420;1;89
544;51.51863504643862;110;420;0;90
545;51.87484158587399;109;419;1;90
546;52.149807516911025;108;418;2;90
547;52.388297606205896;107;417;3;90
548;52.40396368152282;108;417;2;91
549;52.419715558527294;109;418;1;91
550;52.429715273498346;108;417;2;91
551;52.60716837499027;109;418;1;91
552;52.714063024573086;110;418;0;92
553;53.09880717290939;109;417;1;92
554;53.14834468208077;108;416;2;92
555;53.234499056014556;107;415;3;92
556;53.3502495223541;106;414;4;92
557;53.35561070896547;107;414;3;93
558;53.38931396699841;106;413;4;93
559;53.40542181317953;107;414;3;93
560;53.43132424105559;108;415;2;93
561;53.468781487504884;107;414;3;93
562;53.69085622042637;108;415;2;93
563;53.74791628456191;107;414;3;93
564;53.791873822674454;108;414;2;94
565;53.85715700595547;107;413;3;94
566;53.86151513608137;108;413;2;95
567;54.010647313941995;107;412;3;95
568;54.02979944464451;108;412;2;96
569;54.04103333792427;107;411;3;96
570;54.14444038474317;108;412;2;96
571;54.28455586104525;107;411;3;96
572;54.46314726022069;108;412;2;96
573;54.667143787012215;109;412;1;97
574;54.70924732831239;110;413;0;97
575;54.717439001493624;109;412;1;97
576;54.724330044545454;108;411;2;97
577;54.76451872284867;109;412;1;97
578;54.93368776539837;108;411;2;97
579;54.99665079650125;109;411;1;98
580;55.40580256795033;110;411;0;99
581;55.432805704487734;109;410;1;99
582;55.52845840773582;108;409;2;99
583;55.62162092772301;107;408;3;99
584;55.64029007683859;106;407;4;99
585;55.73161218867804;107;407;3;100
586;55.78090576906586;108;408;2;100
587;55.789522170443945;109;408;1;101
588;55.828797071504276;110;409;0;101
589;55.970038093693994;109;408;1;101
590;56.06359853701593;108;407;2;101
591;56.10244713741381;107;406;3;101
592;56.11727793815964;108;407;2;101
593;56.3625927523292;109;408;1;101
594;56.38274553519187;108;407;2;101
595;56.44304054565963;109;408;1;101
596;56.50306589485436;108;407;2;101
597;56.51176219808686;109;408;1;101
598;56.64514847576622;108;407;2;101
599;57.11305760072952;107;406;3;101
600;57.23594857108983;108;407;2;101
601;57.24752012565608;109;407;1;102
602;57.41283146163788;110;408;0;102
603;57.616146593190095;109;407;1;102
604;57.81894241626542;110;408;0;102
605;58.49815784721715;109;407;1;102
606;58.513769030735965;108;406;2;102
607;58.61799025736265;107;405;3;102
608;58.64685242600095;108;406;2;102
609;58.679416969882645;107;405;3;102
610;58.7540893903595;108;406;2;102
611;58.7629153805112;109;407;1;102
612;58.850226908637865;110;408;0;102
613;58.938993158201896;109;407;1;102
614;59.251925991554494;110;408;0;102
615;59.621607327541234;109;407;1;102
616;59.70701997281483;108;406;2;102
617;59.772347156758364;107;405;3;102
618;59.81265743323719;106;404;4;102
619;59.8356923941904;107;405;3;102
620;59.91432646234175;108;406;2;102
621;59.980165455019446;109;407;1;102
622;60.03099877546281;110;407;0;103
623;60.04196511323402;109;406;1;103
624;60.13178190727375;110;407;0;103
625;60.30413640032948;109;406;1;103
626;60.54598672612428;108;405;2;103
627;60.63608865401435;109;406;1;103
628;60.64049186605908;110;407;0;103
629;60.73894582066896;109;406;1;103
630;60.79847837329963;108;405;2;103
631;60.88634233281514;109;406;1;103
632;60.93204084730124;110;406;0;104
633;61.185715647379475;109;405;1;104
634;61.18993531660971;110;405;0;105
635;61.473306476628515;109;404;1;105
636;61.84387263874914;108;403;2;105
637;61.92783184075713;107;402;3;105
638;62.070348736921616;108;403;2;105
639;62.17682340044244;107;402;3;105
640;62.29121674170607;108;403;2;105
641;62.343316645177985;107;402;3;105
642;62.374403877007815;108;403;2;105
643;62.37503983453537;109;404;1;105
644;62.43312745034557;108;403;2;105
645;62.525322890614916;107;402;3;105
646;62.55357026494586;108;403;2;105
647;62.672954498258186;109;404;1;105
648;62.733053971468635;110;404;0;106
649;62.827235941806116;109;403;1;106
650;62.96631244745267;108;402;2;106
651;62.96762757197504;109;403;1;106
652;63.02159281535347;108;402;2;106
653;63.098058353399075;107;401;3;106
654;63.22802480104789;108;401;2;107
655;63.344799757284136;109;401;1;108
656;63.42800763019787;108;400;2;108
657;63.592586609831834;109;400;1;109
658;63.936527235748294;108;399;2;109
659;63.974637290342784;107;398;3;109
660;64.04803374332069;108;398;2;110
661;64.08411677269292;109;399;1;110
662;64.31832638252392;110;400;0;110
663;64.39394310940206;109;399;1;110
664;64.58721456116982;108;398;2;110
665;64.82336525371228;107;397;3;110
666;64.8287779180569;106;396;4;110
667;65.26362047895097;107;396;3;111
668;65.27430927540236;108;396;2;112
669;65.344437842653;109;397;1;112
670;65.46987858797897;108;396;2;112
671;65.69203553976179;109;396;1;113
672;65.88655880051195;108;395;2;113
673;65.97659454883052;109;396;1;113
674;66.1495076468588;108;395;2;113
675;66.5992317603315;109;396;1;113
676;66.75833453886254;108;395;2;113
677;66.81837706721103;107;394;3;113
678;66.83821517360681;108;395;2;113
679;66.92713445434758;109;396;1;113
680;67.17199499997984;108;395;2;113
681;67.25293417315054;107;394;3;113
682;67.26581657121845;108;394;2;114
683;67.27567416876258;109;395;1;114
684;67.46425912615753;110;396;0;114
685;67.6089446904706;109;395;1;114
686;67.67023734772303;108;394;2;114
687;67.69250781476154;109;394;1;115
688;67.8824705708736;108;393;2;115
689;67.89574573958701;109;394;1;115
690;67.9112358503193;110;394;0;116
691;68.18280407381964;109;393;1;116
692;68.68291720079623;108;392;2;116
693;68.68737097971433;107;391;3;116
694;68.68905577597512;106;390;4;116
695;68.70212223816303;107;391;3;116
696;68.71799622656049;106;390;4;116
697;68.75159297878629;105;389;5;116
698;68.80586367833577;106;389;4;117
699;68.90120560560635;107;389;3;118
700;68.99964522679905;106;388;4;118
701;69.05820984730248;107;388;3;119
702;69.06500250571345;108;388;2;120
703;69.1142299181344;109;389;1;120
704;69.11506414516033;110;390;0;120
705;69.13713278786055;109;389;1;120
706;69.25035428919954;108;388;2;120
707;69.26494227380896;109;389;1;120
708;69.38026654665718;110;390;0;120
709;69.4283389562877;109;389;1;120
710;69.50270524773623;110;390;0;120
711;69.67455684356264;109;389;1;120
712;69.82892617848842;108;388;2;120
713;69.89252785986139;109;388;1;121
714;70.50492058814058;108;387;2;121
715;70.58381412406202;107;386;3;121
716;70.63664624463135;106;385;4;121
717;70.66507622347527;107;386;3;121
718;70.68498143294539;108;386;2;122
719;70.76022105820691;109;386;1;123
720;70.91520191027716;110;386;0;124
721;71.33987926618134;109;385;1;124
722;71.34874212601213;110;385;0;125
723;72.12278485413309;109;384;1;125
724;72.35722469503997;110;385;0;125
725;72.4455480129679;109;384;1;125
726;72.60567396853278;110;385;0;125
727;73.25640274279566;109;384;1;125
728;73.84546168565907;110;385;0;125
729;73.96856414912945;109;384;1;125
730;74.11676517472436;110;385;0;125
731;74.21878706229003;109;384;1;125
732;74.25739406718482;110;385;0;125
733;74.54222284000349;109;384;1;125
734;74.64134951303033;110;385;0;125
735;74.8810759441067;109;384;1;125
736;74.9660564253945;110;384;0;126
737;74.96727025091953;109;383;1;126
738;75.11994944099159;110;383;0;127
739;75.49445635885;109;382;1;127
740;75.58977780148619;108;381;2;127
741;75.60380610699613;107;380;3;127
742;75.77357427981515;106;379;4;127
743;75.80316151933586;107;380;3;127
744;75.80448697419335;108;381;2;127
745;75.82810937846962;109;381;1;128
746;76.0113582490921;110;382;0;128
747;77.10536200196402;109;381;1;128
748;77.13951211346394;108;380;2;128
749;77.34595050719875;109;381;1;128
750;77.4229659912007;108;380;2;128
751;77.4390032756634;109;380;1;129
752;78.03852640138138;110;381;0;129
753;78.13447479028567;109;380;1;129
754;78.2474108184692;108;379;2;129
755;78.25913354416049;109;380;1;129
756;78.29022516801099;108;379;2;129
757;78.34865771357653;109;380;1;129
758;78.46878886275408;108;379;2;129
759;78.48713045915962;109;380;1;129
760;78.53265753662473;108;379;2;129
761;78.53600349432683;107;378;3;129
762;78.58936872071628;108;378;2;130
763;78.6250365792366;107;377;3;130
764;78.77000146554754;108;378;2;130
765;78.7961993994449;107;377;3;130
766;78.84772165048271;108;378;2;130
767;78.98579102426062;109;379;1;130
768;79.0912288214881;110;380;0;130
769;79.19015941972808;109;379;1;130
770;79.2125620642648;110;379;0;131
771;79.47367586526885;109;378;1;131
772;79.71753721417089;108;377;2;131
773;79.73263691483083;109;377;1;132
774;79.84505150096862;110;378;0;132
775;80.01896770112972;109;377;1;132
776;80.08374221308996;108;376;2;132
777;80.08555588221503;109;377;1;132
778;80.08727856313045;110;378;0;132
779;80.1196548188237;109;377;1;132
780;80.30226989609369;108;376;2;132
781;80.39243674157653;107;375;3;132
782;80.40426984582594;106;374;4;132
783;80.41577083353829;107;374;3;133
784;80.51918608879731;108;374;2;134
785;80.57585226807647;109;375;1;134
786;80.71659105897885;110;376;0;134
787;80.7314911073664;109;375;1;134
788;80.80838191666761;110;376;0;134
789;80.83943045444096;109;375;1;134
790;81.02786715595084;110;376;0;134
791;81.39156846833984;109;375;1;134
792;81.46658892564598;108;374;2;134
793;81.78116883285969;107;373;3;134
794;81.79123617992396;108;373;2;135
795;81.79176727825423;107;372;3;135
796;81.87558872075172;108;373;2;135
797;81.91343360518636;107;372;3;135
798;81.93090724937075;108;373;2;135
799;81.98316914334686;109;373;1;136
800;82.03224539034136;108;372;2;136
801;82.06183267270995;109;372;1;137
802;82.32258849743842;110;373;0;137
803;82.74400117565824;109;372;1;137
804;82.90128733477746;110;373;0;137
805;83.04521888336527;109;372;1;137
806;83.15594032808679;110;373;0;137
807;83.16061056366075;109;372;1;137
808;83.19220998840376;110;373;0;137
809;83.28688104454355;109;372;1;137
810;83.46587972390714;110;372;0;138
811;83.52935017128182;109;371;1;138
812;83.56293627102764;110;372;0;138
813;83.5718163492676;109;371;1;138
814;83.58190954369596;108;370;2;138
815;83.60131110554556;107;369;3;138
816;83.63130571757725;108;369;2;139
817;83.64701875219792;107;368;3;139
818;83.74160363461517;108;369;2;139
819;84.03020201204873;109;370;1;139
820;84.04291745070232;108;369;2;139
821;84.08579241815494;107;368;3;139
822;84.22299157387894;108;368;2;140
823;84.24068011644076;107;367;3;140
824;84.33710581540377;106;366;4;140
825;84.42507098984804;105;365;5;140
826;84.5206890149019;106;366;4;140
827;84.52301480172558;107;367;3;140
828;84.54244318914306;106;366;4;140
829;84.59107491649448;107;366;3;141
830;84.62661325160384;106;365;4;141
831;84.64130563762824;107;366;3;141
832;84.77279384246664;108;367;2;141
833;84.78666791659576;107;366;3;141
834;84.80540806697819;108;367;2;141
835;84.91233112404862;107;366;3;141
836;84.93733470998261;108;367;2;141
837;84.96033220778962;109;367;1;142
838;84.9952962255656;108;366;2;142
839;85.07816493629682;107;365;3;142
840;85.18198858226145;106;364;4;142
841;85.2266112073165;107;364;3;143
842;85.29323894764687;106;363;4;143
843;85.29790582171229;105;362;5;143
844;85.3261325066111;104;361;6;143
845;85.33592086409075;105;362;5;143
846;85.33800191623709;106;363;4;143
847;85.43884030712441;107;364;3;143
848;85.51654900148287;108;365;2;143
849;85.67523232421269;109;366;1;143
850;85.76062616464627;110;367;0;143
851;85.90264485524598;109;366;1;143
852;86.11177394849337;108;365;2;143
853;86.21272412423643;109;366;1;143
854;86.33201880975211;108;365;2;143
855;86.51269235180047;107;364;3;143
856;86.51910044908365;108;365;2;143
857;86.52402830511842;109;365;1;144
858;86.93546223628961;110;365;0;145
859;87.07231177039044;109;364;1;145
860;87.2233064688176;108;363;2;145
861;87.25033506192476;109;364;1;145
862;87.51022449669553;110;365;0;145
863;87.5717105665194;109;364;1;145
864;87.57177599841573;110;365;0;145
865;87.75036700909841;109;364;1;145
866;87.76231775791108;108;363;2;145
867;87.91410474642342;109;363;1;146
868;88.10019406254668;110;364;0;146
869;88.55152505896153;109;363;1;146
870;88.64127309466932;110;364;0;146
871;88.708520569982;109;363;1;146
872;89.06160675870782;108;362;2;146
873;89.28783566504718;109;363;1;146
874;89.30550634467112;110;364;0;146
875;89.58608188992837;109;363;1;146
876;89.61502757492445;110;363;0;147
877;89.72927611060038;109;362;1;147
878;89.84527330631948;110;363;0;147
879;90.42101984205797;109;362;1;147
880;90.46201164440336;110;363;0;147
881;90.91281753793265;109;362;1;147
882;90.97210436872514;110;362;0;148
883;91.17744313343051;109;361;1;148
884;91.27358723587932;108;360;2;148
885;91.2796263515703;109;360;1;149
886;91.50679318631306;108;359;2;149
887;91.53401630255621;107;358;3;149
888;91.71574955863666;108;358;2;150
889;91.7184917197845;107;357;3;150
890;91.84297836486793;106;356;4;150
891;91.86443909090104;105;355;5;150
892;91.86829123266281;106;356;4;150
893;92.00638897263435;107;357;3;150
894;92.04869611305433;108;358;2;150
895;92.09896052399586;109;359;1;150
896;92.16093787491147;110;359;0;151
897;92.18610196332484;109;358;1;151
898;92.34990693472226;108;357;2;151
899;92.3576773975684;109;358;1;151
900;92.75044867691552;110;359;0;151
901;92.93096548022379;109;358;1;151
902;93.20121635152803;110;359;0;151
903;93.41282099021265;109;358;1;151
904;93.4569132907571;108;357;2;151
905;93.4639546001713;109;357;1;152
906;93.93955236833739;108;356;2;152
907;94.01160062269284;109;357;1;152
908;94.03613511305628;110;357;0;153
909;94.11011376739668;109;356;1;153
910;94.13657499209548;110;356;0;154
911;94.7355867092818;109;355;1;154
912;94.89292015350883;110;356;0;154
913;95.09436083354441;109;355;1;154
914;95.30125592179279;108;354;2;154
915;95.36641443928188;109;354;1;155
916;95.50583209532441;110;354;0;156
917;95.60405049942841;109;353;1;156
918;95.77914099751038;110;354;0;156
919;95.8839175057725;109;353;1;156
920;96.0514675227359;108;352;2;156
921;96.05284944618326;109;352;1;157
922;96.2034402460152;110;353;0;157
923;96.3514136460936;109;352;1;157
924;96.54335557509073;108;351;2;157
925;96.62256934716895;107;350;3;157
926;96.71687193812419;108;350;2;158
927;96.74582971918264;109;350;1;159
928;96.87795609545866;108;349;2;159
929;97.07060974869945;107;348;3;159
930;97.10884336593372;108;349;2;159
931;97.24994836774619;109;350;1;159
932;97.25152625730642;108;349;2;159
933;97.34484955649901;109;349;1;160
934;97.37702904502791;108;348;2;160
935;97.65946170706313;107;347;3;160
936;97.74484296984214;108;348;2;160
937;97.87039655110614;109;348;1;161
938;97.92873989286355;110;349;0;161
939;98.60699471888677;109;348;1;161
940;98.69959674819077;108;347;2;161
941;98.70832555187022;109;347;1;162
942;98.76250662668774;108;346;2;162
943;98.88892656716592;107;345;3;162
944;98.8985410138492;108;345;2;163
945;98.93830775951837;107;344;3;163
946;99.0629328325694;108;345;2;163
947;99.1298572776615;109;345;1;164
948;99.1794998867423;110;346;0;164
949;99.32431446446384;109;345;1;164
950;99.43243314835769;108;344;2;164
951;99.44268600488776;109;345;1;164
952;99.80720521015287;110;346;0;164
953;100.2043480629631;109;345;1;164
954;100.6137308360738;108;344;2;164
955;100.8184319399894;109;345;1;164
956;101.01594828547665;108;344;2;164
957;101.12516900161224;109;344;1;165
958;101.22179014076562;110;344;0;166
959;101.2384043841508;109;343;1;166
960;101.53500311133932;110;343;0;167
961;102.22356779950698;109;342;1;167
962;102.34668961566513;110;342;0;168
963;102.48800512582719;109;341;1;168
964;102.68137627508519;108;340;2;168
965;102.90060844683896;107;339;3;168
966;102.97014782321301;108;339;2;169
967;102.98811825198058;109;339;1;170
968;103.12620884398012;110;340;0;170
969;103.27395253919573;109;339;1;170
970;103.3283888048447;110;340;0;170
971;103.39437405420871;109;339;1;170
972;103.54092838411965;110;340;0;170
973;103.9062901402411;109;339;1;170
974;103.94251919103924;110;340;0;170
975;104.57648461903032;109;339;1;170
976;104.58435750191389;108;338;2;170
977;104.61204746447791;107;337;3;170
978;104.79848529769174;108;337;2;171
979;104.86661339755722;109;338;1;171
980;105.09466958604239;110;338;0;172
981;105.47781596265155;109;337;1;172
982;105.53467803760222;110;338;0;172
983;105.6144549918708;109;337;1;172
984;105.82451725723156;108;336;2;172
985;105.83417208411338;109;337;1;172
986;106.13458152648326;108;336;2;172
987;106.1597840242433;109;337;1;172
988;106.1716554569892;110;338;0;172
989;106.43461042568416;109;337;1;172
990;106.48827643349773;110;338;0;172
991;106.68329855073702;109;337;1;172
992;106.68911418290416;110;338;0;172
993;106.69716762603659;109;337;1;172
994;106.81284793673808;110;337;0;173
995;107.26217672716068;109;336;1;173
996;107.8102221827403;110;337;0;173
997;107.91400670183648;109;336;1;173
998;107.97794405047988;110;336;0;174
999;108.11393115779939;109;335;1;174
1000;108.64694414734358;110;335;0;175
1001;108.71656894404163;109;334;1;175
1002;108.85450439936939;108;333;2;175
1003;108.85650222531814;107;332;3;175
1004;108.94729277028347;108;333;2;175
1005;108.98478947649244;109;334;1;175
1006;109.08220965486235;108;333;2;175
1007;109.10546818361436;109;334;1;175
1008;109.13837580467182;108;333;2;175
1009;109.19737749653913;109;334;1;175
1010;109.32841302067173;110;335;0;175
1011;109.77253489074322;109;334;1;175
1012;109.80161843790698;108;333;2;175
1013;109.8504378945697;107;332;3;175
1014;109.86292472464778;108;332;2;176
1015;109.95656082322509;109;332;1;177
1016;110.02731287490174;108;331;2;177
1017;110.19940187849829;109;332;1;177
1018;110.30949534448324;110;333;0;177
1019;111.33641289441589;109;332;1;177
1020;111.46996856800698;110;333;0;177
1021;111.78235385467866;109;332;1;177
1022;111.90476098398896;110;333;0;177
1023;112.26582706982384;109;332;1;177
1024;112.34121617480614;110;333;0;177
1025;113.05703588741403;109;332;1;177
1026;113.0651216609633;108;331;2;177
1027;113.30250857779987;109;332;1;177
1028;113.38864721184791;108;331;2;177
1029;113.42504845203717;109;332;1;177
1030;113.49244095769664;110;332;0;178
1031;113.80346055436999;109;331;1;178
1032;114.0378959763021;108;330;2;178
1033;114.14628220086108;107;329;3;178
1034;114.19602032833909;108;329;2;179
1035;114.24949163387748;109;329;1;180
1036;114.42691472349686;110;329;0;181
1037;114.65825696015801;109;328;1;181
1038;114.76631567929779;108;327;2;181
1039;114.87799132696486;109;328;1;181
1040;114.97819349146597;110;329;0;181
1041;115.2113028521975;109;328;1;181
1042;115.61409336936002;110;328;0;182
1043;116.66532176541631;109;327;1;182
1044;116.72436982923082;110;327;0;183
1045;116.81404933266218;109;326;1;183
1046;117.15391926840843;110;326;0;184
1047;117.30396774638989;109;325;1;184
1048;117.43552159663025;110;326;0;184
1049;117.48826297314358;109;325;1;184
1050;117.67982485030447;108;324;2;184
1051;117.69932317687785;109;325;1;184
1052;117.91153041256867;110;326;0;184
1053;119.326435287532;109;325;1;184
1054;119.37498352152953;108;324;2;184
1055;119.47406949797124;107;323;3;184
1056;119.53887040257746;106;322;4;184
1057;119.56159383485257;107;323;3;184
1058;119.67865830435525;108;324;2;184
1059;119.81543190604981;109;325;1;184
1060;120.03199919222493;110;325;0;185
1061;120.0957211111475;109;324;1;185
1062;120.16378448536038;110;325;0;185
1063;120.20283741469862;109;324;1;185
1064;120.26510110210636;110;324;0;186
1065;120.30840180464588;109;323;1;186
1066;120.34748703443631;110;324;0;186
1067;120.5710994451075;109;323;1;186
1068;120.5861910370064;110;324;0;186
1069;120.95836350419896;109;323;1;186
1070;120.95961042154303;108;322;2;186
1071;120.97179709053782;109;323;1;186
1072;121.07432844276507;108;322;2;186
1073;121.22557056492984;109;323;1;186
1074;121.30186394179918;108;322;2;186
1075;121.36243502622949;109;322;1;187
1076;121.47091813177893;108;321;2;187
1077;121.58182147787824;107;320;3;187
1078;121.60264400095596;108;320;2;188
1079;121.65923856843766;107;319;3;188
1080;121.69547338891603;108;319;2;189
1081;121.78423993841857;107;318;3;189
1082;121.79619036059661;108;319;2;189
1083;121.83836516200085;107;318;3;189
1084;121.90556813894011;108;319;2;189
1085;121.97302332307385;109;319;1;190
1086;122.00596029791014;110;320;0;190
1087;122.02838232375905;109;319;1;190
1088;122.23015706775175;108;318;2;190
1089;122.25188749630306;109;318;1;191
1090;122.3220662465466;108;317;2;191
1091;122.32630941151085;109;317;1;192
1092;122.51843453710624;108;316;2;192
1093;122.52198555294898;109;316;1;193
1094;122.57783382238176;108;315;2;193
1095;122.69173883091179;109;316;1;193
1096;122.75740149114264;110;316;0;194
1097;123.23143188349333;109;315;1;194
1098;123.27949448004365;110;316;0;194
1099;123.98913781306318;109;315;1;194
1100;124.06127919490042;108;314;2;194
1101;124.1341422210173;109;314;1;195
1102;124.23436175827499;108;313;2;195
1103;124.24210597271907;107;312;3;195
1104;124.25813069262755;106;311;4;195
1105;124.36701843702164;107;312;3;195
1106;124.51549912571211;106;311;4;195
1107;124.54799237311356;107;311;3;196
1108;124.57421468031936;108;311;2;197
1109;124.79100643030998;109;311;1;198
1110;124.91778305042997;108;310;2;198
1111;125.03832846305413;107;309;3;198
1112;125.07580842132481;108;310;2;198
1113;125.08496742993393;107;309;3;198
1114;125.14356610564178;108;310;2;198
1115;125.23476291146443;109;310;1;199
1116;125.38837094294183;110;310;0;200
1117;125.57298116307639;109;309;1;200
1118;125.59438171928369;110;309;0;201
1119;126.27524192992504;109;308;1;201
1120;126.31808685057952;110;309;0;201
1121;126.45277604278736;109;308;1;201
1122;126.51552912982585;110;309;0;201
1123;126.77827659980898;109;308;1;201
1124;126.82259231838336;110;309;0;201
1125;126.86347452898359;109;308;1;201
1126;127.39152862621344;110;308;0;202
1127;127.57874734593572;109;307;1;202
1128;128.187993866396;110;308;0;202
1129;128.80916023304314;109;307;1;202
1130;128.88812948008996;108;306;2;202
1131;129.0713226046922;107;305;3;202
1132;129.11317969659814;108;306;2;202
1133;129.23482754488512;109;307;1;202
1134;129.3568302728035;110;308;0;202
1135;130.9475802447025;109;307;1;202
1136;130.95369353280066;110;307;0;203
1137;131.11810654582283;109;306;1;203
1138;131.2785912913517;110;307;0;203
1139;131.6391214067178;109;306;1;203
1140;131.76726114803202;110;306;0;204
1141;132.10789572885935;109;305;1;204
1142;132.23319681017207;110;306;0;204
1143;132.30735639743963;109;305;1;204
1144;132.69030459999007;108;304;2;204
1145;132.70241623208585;109;305;1;204
1146;133.1277693012374;110;305;0;205
1147;133.2352980414825;109;304;1;205
1148;133.65132330031813;110;304;0;206
1149;133.65655735917238;109;303;1;206
1150;133.76712167220802;108;302;2;206
1151;133.79922415093804;109;302;1;207
1152;133.7999232600328;110;302;0;208
1153;133.95636859432358;109;301;1;208
1154;134.04696619787592;108;300;2;208
1155;134.17313511198157;109;300;1;209
1156;134.30438027583983;108;299;2;209
1157;134.361934411449;107;298;3;209
1158;134.42821307879225;106;297;4;209
1159;134.4728888791541;107;298;3;209
1160;134.4984610011678;108;298;2;210
1161;134.4993129930035;109;299;1;210
1162;134.59864809921402;110;300;0;210
1163;134.653080965506;109;299;1;210
1164;134.86683796164564;110;299;0;211
1165;135.48589725737085;109;298;1;211
1166;135.49334080095102;110;299;0;211
1167;137.05430220325852;109;298;1;211
1168;137.32292526525563;108;297;2;211
1169;137.355916558549;109;297;1;212
1170;137.39042667561168;110;297;0;213
1171;137.4035565780048;109;296;1;213
1172;137.4543062253931;108;295;2;213
1173;137.48769612923238;109;295;1;214
1174;137.5073208002225;110;295;0;215
1175;138.011999828036;109;294;1;215
1176;138.13776950912708;108;293;2;215
1177;138.1424279801719;109;294;1;215
1178;138.32724684925662;110;295;0;215
1179;138.38748175102933;109;294;1;215
1180;138.49003799504925;108;293;2;215
1181;138.58009405849796;107;292;3;215
1182;138.6434736236317;106;291;4;215
1183;138.648959846163;107;292;3;215
1184;138.65192770319746;108;292;2;216
1185;138.71928937169744;107;291;3;216
1186;138.90925636727715;108;291;2;217
1187;138.9113034575139;109;292;1;217
1188;139.07210899472335;108;291;2;217
1189;139.14124103709426;109;291;1;218
1190;139.2710071517175;108;290;2;218
1191;139.40339852183487;107;289;3;218
1192;139.41331963971695;108;290;2;218
1193;139.42704282952252;107;289;3;218
1194;139.4683413928205;108;289;2;219
1195;139.50009541822703;107;288;3;219
1196;139.64175582961596;108;289;2;219
1197;139.68688632321405;109;290;1;219
1198;139.69072660697313;110;290;0;220
1199;139.83898721964826;109;289;1;220
1200;139.94125952526932;110;290;0;220
1201;140.08753892112887;109;289;1;220
1202;140.24665430400478;110;289;0;221
1203;140.27570046099484;109;288;1;221
1204;140.2993909765651;110;288;0;222
1205;140.59071836174766;109;287;1;222
1206;140.59287757445313;108;286;2;222
1207;140.68224941942864;109;287;1;222
1208;140.73364796679567;110;288;0;222
1209;140.78803297099878;109;287;1;222
1210;140.85666809464416;108;286;2;222
1211;140.8589115063936;109;287;1;222
1212;141.0601882273772;110;288;0;222
1213;141.1483766167595;109;287;1;222
1214;141.2891994870973;110;288;0;222
1215;141.6043824036999;109;287;1;222
1216;141.63385675615424;108;286;2;222
1217;141.65496996667787;107;285;3;222
1218;141.72939471530987;106;284;4;222
1219;141.82761111217124;105;283;5;222
1220;141.86670471370675;106;284;4;222
1221;141.9200883328447;107;284;3;223
1222;141.9640058765239;108;284;2;224
1223;141.99047654570492;109;285;1;224
1224;142.5244656222203;108;284;2;224
1225;142.56872765931965;109;285;1;224
1226;142.6854727638381;110;286;0;224
1227;143.14308435033607;109;285;1;224
1228;143.14374471625914;110;285;0;225
1229;143.6363128231082;109;284;1;225
1230;144.15564482089326;110;285;0;225
1231;144.15675116218878;109;284;1;225
1232;144.21472463758016;108;283;2;225
1233;144.30111543796446;109;283;1;226
1234;144.31412851199465;108;282;2;226
1235;144.40370939553162;109;282;1;227
1236;144.56307377838792;110;282;0;228
1237;144.7464460515214;109;281;1;228
1238;144.99746499495177;108;280;2;228
1239;145.0474502715143;109;281;1;228
1240;145.08723700738457;110;281;0;229
1241;145.4276776927732;109;280;1;229
1242;145.6772825141385;108;279;2;229
1243;145.7051887120744;109;279;1;230
1244;145.73256633694564;108;278;2;230
1245;145.78847719766523;107;277;3;230
1246;145.79410264165458;108;277;2;231
1247;145.8600343760138;109;277;1;232
1248;146.19664047850597;110;278;0;232
1249;146.41267093463705;109;277;1;232
1250;146.6453229482144;110;278;0;232
1251;146.9677395403276;109;277;1;232
1252;147.03117677129572;108;276;2;232
1253;147.06753137822776;109;276;1;233
1254;147.09737712850736;110;276;0;234
1255;147.2622139229306;109;275;1;234
1256;147.3187666511016;110;276;0;234
1257;147.41852308829561;109;275;1;234
1258;147.48298594593575;108;274;2;234
1259;147.56353386674502;109;275;1;234
1260;147.62138720375225;108;274;2;234
1261;147.7470186721191;109;275;1;234
1262;148.07121059342134;110;276;0;234
1263;148.12788479353037;109;275;1;234
1264;148.20303411457454;108;274;2;234
1265;148.32025417947602;107;273;3;234
1266;148.35636500305878;108;274;2;234
1267;148.384095382716;107;273;3;234
1268;148.38737273359757;108;274;2;234
1269;148.42730998692858;109;275;1;234
1270;148.53599978520583;108;274;2;234
1271;148.736820173392;109;274;1;235
1272;148.80242006105854;108;273;2;235
1273;148.8329100806537;109;273;1;236
1274;149.21580227908078;110;274;0;236
1275;149.32315458597532;109;273;1;236
1276;149.51569946328883;108;272;2;236
1277;149.55687520041332;107;271;3;236
1278;149.560740668864;108;272;2;236
1279;149.56567761992605;109;272;1;237
1280;149.72243274369302;110;272;0;238
1281;149.93631249315501;109;271;1;238
1282;150.2604160009285;108;270;2;238
1283;150.36804728558272;109;271;1;238
1284;150.46278489632374;110;272;0;238
1285;150.85494672761314;109;271;1;238
1286;151.00286700547613;108;270;2;238
1287;151.16969501984812;109;271;1;238
1288;151.19475319048243;110;272;0;238
1289;151.5451641481372;109;271;1;238
1290;151.69484219651508;108;270;2;238
1291;151.8121881110513;109;271;1;238
1292;151.81419174798708;110;271;0;239
1293;152.2448657845381;109;270;1;239
1294;152.35949658735368;110;271;0;239
1295;152.439867812634;109;270;1;239
1296;152.73906504586924;108;269;2;239
1297;152.74341522079072;109;269;1;240
1298;153.0570018896924;108;268;2;240
1299;153.08724968118693;107;267;3;240
1300;153.09936961867874;108;267;2;241
1301;153.19979224678104;109;267;1;242
1302;153.22842281623866;110;267;0;243
1303;153.2908418917536;109;266;1;243
1304;153.29465274613045;108;265;2;243
1305;153.3090395971131;109;265;1;244
1306;153.60577031475614;110;265;0;245
1307;153.66965630724198;109;264;1;245
1308;153.69820116611737;110;265;0;245
1309;153.80291748639547;109;264;1;245
1310;153.81301688388712;110;265;0;245
1311;154.01725894430564;109;264;1;245
1312;154.08875394572107;108;263;2;245
1313;154.12900580901373;109;263;1;246
1314;154.18910738930026;108;262;2;246
1315;154.23269484839986;107;261;3;246
1316;154.25027551269147;108;261;2;247
1317;154.42380487617788;109;262;1;247
1318;154.51830959199168;108;261;2;247
1319;154.85565884337615;107;260;3;247
1320;154.86674760251617;108;261;2;247
1321;155.0507479246881;109;262;1;247
1322;155.0986374242093;108;261;2;247
1323;155.10555873338686;109;261;1;248
1324;155.21424463765402;110;262;0;248
1325;155.66497534431693;109;261;1;248
1326;155.7831326329185;110;261;0;249
1327;155.83240951588218;109;260;1;249
1328;155.9395374896388;110;260;0;250
1329;156.19603229361311;109;259;1;250
1330;156.34595150968192;108;258;2;250
1331;156.36233812607472;109;258;1;251
1332;156.45212821161334;108;257;2;251
1333;156.50573826648454;109;257;1;252
1334;156.66723188837992;108;256;2;252
1335;156.76024566740617;109;257;1;252
1336;156.90296606009392;108;256;2;252
1337;156.96339620258456;107;255;3;252
1338;156.99769329831423;108;255;2;253
1339;157.12552943103827;109;256;1;253
1340;157.1399263518721;110;257;0;253
1341;157.4785859881685;109;256;1;253
1342;157.57086690102463;108;255;2;253
1343;157.6806374359883;109;256;1;253
1344;157.75959051849878;108;255;2;253
1345;157.76102612687828;109;255;1;254
1346;157.90003901043127;108;254;2;254
1347;158.06758239021946;109;255;1;254
1348;158.12367400070923;110;256;0;254
1349;158.3268142819404;109;255;1;254
1350;158.34165490885263;108;254;2;254
1351;158.40714666189686;109;255;1;254
1352;158.51290371682103;110;255;0;255
1353;158.61104453685314;109;254;1;255
1354;158.85058668283227;108;253;2;255
1355;158.8836647219583;109;253;1;256
1356;158.88830147672365;110;254;0;256
1357;159.06783024724263;109;253;1;256
1358;159.16754221941787;108;252;2;256
1359;159.19028830431344;109;252;1;257
1360;159.51881920798976;110;253;0;257
1361;159.57705615195434;109;252;1;257
1362;159.8087336046966;108;251;2;257
1363;159.85077109311132;109;252;1;257
1364;159.87604726561258;110;252;0;258
1365;159.9064638574262;109;251;1;258
1366;160.09136739306982;110;251;0;259
1367;161.753361851638;109;250;1;259
1368;161.78196235019914;110;251;0;259
1369;161.859149977056;109;250;1;259
1370;161.8907134408523;108;249;2;259
1371;162.01351816718125;107;248;3;259
1372;162.0473219586875;108;248;2;260
1373;162.06348183957613;107;247;3;260
1374;162.11123442455172;108;248;2;260
1375;162.18297075213212;109;248;1;261
1376;162.61778887481583;110;248;0;262
1377;162.66620243006918;109;247;1;262
1378;162.76883680302797;108;246;2;262
1379;162.7691717389664;107;245;3;262
1380;162.79208911779259;108;245;2;263
1381;162.9433927158388;109;246;1;263
1382;162.97365217981599;110;247;0;263
1383;163.35865051546384;109;246;1;263
1384;163.44529206023873;110;247;0;263
1385;163.74791590136982;109;246;1;263
1386;163.87224519820546;110;246;0;264
1387;165.27249368379998;109;245;1;264
1388;165.54369672000635;110;246;0;264
1389;165.56901762062483;109;245;1;264
1390;165.60106278539354;108;244;2;264
1391;165.6681342186441;107;243;3;264
1392;165.75760534805852;108;243;2;265
1393;165.86013173466105;109;243;1;266
1394;166.09982369324223;110;244;0;266
1395;166.33160627832612;109;243;1;266
1396;166.4486930487042;110;243;0;267
1397;166.47565952802663;109;242;1;267
1398;166.6169557904947;110;242;0;268
1399;166.68686393434098;109;241;1;268
1400;166.79341568738704;108;240;2;268
1401;167.04124249711253;109;241;1;268
1402;167.27763888252943;108;240;2;268
1403;167.41726934745074;107;239;3;268
1404;167.6146373351651;106;238;4;268
1405;167.6351038352054;107;238;3;269
1406;167.68729733223233;106;237;4;269
1407;167.78295193636413;107;238;3;269
1408;167.83642257416577;108;238;2;270
1409;167.99065994203468;109;239;1;270
1410;168.096008890058;110;239;0;271
1411;168.16888806301944;109;238;1;271
1412;168.37028932898582;108;237;2;271
1413;168.44303702264207;109;238;1;271
1414;168.56140441550062;108;237;2;271
1415;168.60266827596797;109;238;1;271
1416;168.61938904151083;110;238;0;272
1417;168.83348003236668;109;237;1;272
1418;168.8896575831956;108;236;2;272
1419;168.94585417180568;107;235;3;272
1420;168.95960474363687;108;236;2;272
1421;169.2971042891894;109;237;1;272
1422;169.37075093097866;108;236;2;272
1423;169.3878632835789;107;235;3;272
1424;169.4647399209444;108;236;2;272
1425;169.4807502505613;109;236;1;273
1426;170.32542087546474;108;235;2;273
1427;170.51903800710832;109;236;1;273
1428;171.03395075490656;108;235;2;273
1429;171.20105284793976;109;235;1;274
1430;171.22124847996216;108;234;2;274
1431;171.24163595698627;109;235;1;274
1432;171.32402939267848;110;235;0;275
1433;171.70190782534527;109;234;1;275
1434;171.78370567362583;110;235;0;275
1435;172.11270645995822;109;234;1;275
1436;172.1417403123501;110;234;0;276
1437;172.31695789843153;109;233;1;276
1438;172.53991381019603;110;233;0;277
1439;172.7098479993461;109;232;1;277
1440;173.28307271772402;108;231;2;277
1441;173.31653114417765;107;230;3;277
1442;173.36421922544108;108;230;2;278
1443;173.6113565141053;109;231;1;278
1444;173.77004276803817;110;232;0;278
1445;174.5207024987078;109;231;1;278
1446;174.79812315550146;110;232;0;278
1447;174.95500710867162;109;231;1;278
1448;175.2877320295222;108;230;2;278
1449;175.31246281070395;109;231;1;278
1450;175.43331695804088;110;232;0;278
1451;175.4961199442112;109;231;1;278
1452;175.5073877825656;108;230;2;278
1453;175.58596046051704;109;231;1;278
1454;175.61692836629382;110;232;0;278
1455;175.83697033008852;109;231;1;278
1456;175.98258146102756;110;232;0;278
1457;176.26173072680086;109;231;1;278
1458;176.30266015990688;108;230;2;278
1459;176.38201594691694;107;229;3;278
1460;176.60120182990656;108;229;2;279
1461;176.8282587888781;109;229;1;280
1462;176.9154770851118;108;228;2;280
1463;177.1353506905861;109;229;1;280
1464;177.16977996606747;110;229;0;281
1465;177.84635711797387;109;228;1;281
1466;178.1070840600004;108;227;2;281
1467;178.1728072233219;107;226;3;281
1468;178.18874215854322;106;225;4;281
1469;178.21445472807773;107;226;3;281
1470;178.22576630308376;108;227;2;281
1471;178.34537438890973;109;228;1;281
1472;178.35251537192286;110;229;0;281
1473;178.36107369245204;109;228;1;281
1474;178.3911098991959;108;227;2;281
1475;178.5077584359602;107;226;3;281
1476;178.54008701350403;108;226;2;282
1477;178.56981260879306;109;226;1;283
1478;178.69470922173753;110;227;0;283
1479;178.99163510998318;109;226;1;283
1480;179.2605500122427;110;226;0;284
1481;179.88099472172564;109;225;1;284
1482;180.0461729478923;110;226;0;284
1483;181.1528014857273;109;225;1;284
1484;181.30826800885183;108;224;2;284
1485;181.35255935631758;109;225;1;284
1486;181.44491719996765;110;225;0;285
1487;181.5395906044022;109;224;1;285
1488;181.54057281618068;110;225;0;285
1489;181.58357640939883;109;224;1;285
1490;181.65132740277892;108;223;2;285
1491;181.65749787066457;109;224;1;285
1492;181.7384970957241;108;223;2;285
1493;182.0723399833191;109;224;1;285
1494;182.15729860699724;108;223;2;285
1495;182.36637597062;109;223;1;286
1496;182.41184757188606;110;224;0;286
1497;183.8065302395535;109;223;1;286
1498;183.895360818235;110;223;0;287
1499;184.09887486055732;109;222;1;287
1500;184.1063348152627;108;221;2;287
1501;184.2029967654933;109;222;1;287
1502;184.35333142755152;110;222;0;288
1503;184.47287638787708;109;221;1;288
1504;184.6421496951826;110;222;0;288
1505;184.67733436207658;109;221;1;288
1506;184.71767784094303;110;222;0;288
1507;185.15379283895481;109;221;1;288
1508;185.16250687222177;110;222;0;288
1509;185.53843730084535;109;221;1;288
1510;185.71139937300046;108;220;2;288
1511;185.8530401409245;109;221;1;288
1512;185.87554976306234;108;220;2;288
1513;185.92262386307172;109;221;1;288
1514;186.04406896552942;110;222;0;288
1515;186.80092738519167;109;221;1;288
1516;186.87135178896864;110;222;0;288
1517;187.14375522927278;109;221;1;288
1518;187.15729540137818;108;220;2;288
1519;187.25389621991957;109;221;1;288
1520;187.31560784117235;110;221;0;289
1521;187.76995909209955;109;220;1;289
1522;188.04522989541297;110;220;0;290
1523;188.92676106560387;109;219;1;290
1524;188.97468056378779;110;220;0;290
1525;189.3922329297803;109;219;1;290
1526;189.46344195014916;110;219;0;291
1527;190.7062121156514;109;218;1;291
1528;190.97420087632003;110;219;0;291
1529;191.17371140115728;109;218;1;291
1530;191.19061479706326;110;219;0;291
1531;191.23450837845036;109;218;1;291
1532;191.35078208348912;110;218;0;292
1533;191.80038945984555;109;217;1;292
1534;191.8798426778444;110;217;0;293
1535;192.14032641990298;109;216;1;293
1536;192.5351872939557;110;217;0;293
1537;192.73961635309993;109;216;1;293
1538;192.8642158630086;110;216;0;294
1539;192.98052602746006;109;215;1;294
1540;193.05515231320604;110;215;0;295
1541;193.45831784755472;109;214;1;295
1542;193.54306590045135;108;213;2;295
1543;193.61993443880536;109;214;1;295
1544;193.65533500885599;110;215;0;295
1545;193.8100628349696;109;214;1;295
1546;194.1912629508496;110;215;0;295
1547;194.26734599570943;109;214;1;295
1548;194.66163053195064;110;215;0;295
1549;195.5997110866781;109;214;1;295
1550;195.88208818250027;110;214;0;296
1551;196.97727452160305;109;213;1;296
1552;197.1842428004035;108;212;2;296
1553;197.38729074798854;109;213;1;296
1554;197.53784308163216;110;213;0;297
1555;198.47871164016766;109;212;1;297
1556;198.579347637868;110;212;0;298
1557;200.92351200647087;109;211;1;298
1558;201.60884478321958;110;211;0;299
1559;202.06765123132652;109;210;1;299
1560;202.21700202997536;110;211;0;299
1561;202.24998962374272;109;210;1;299
1562;202.26499665790263;110;211;0;299
1563;203.897005568349;109;210;1;299
1564;204.10785973078924;110;210;0;300
1565;204.2934139670166;109;209;1;300
1566;204.31178677860126;110;210;0;300
1567;204.4863939300048;109;209;1;300
1568;204.5611212462189;110;210;0;300
1569;205.42058190011937;109;209;1;300
1570;205.45672601939103;110;210;0;300
1571;205.68415863225755;109;209;1;300
1572;205.79393525911362;110;210;0;300
1573;205.84304555390764;109;209;1;300
1574;206.07548021293616;110;210;0;300
1575;206.59934304645822;109;209;1;300
1576;206.75345516248322;108;208;2;300
1577;206.8634478689286;109;208;1;301
1578;207.75765557299414;110;209;0;301
1579;208.2677376403097;109;208;1;301
1580;208.27211236504886;110;208;0;302
1581;209.15477407939724;109;207;1;302
1582;209.21906472746704;110;208;0;302
1583;210.60832991277633;109;207;1;302
1584;210.61907625824995;110;208;0;302
1585;210.6559541571869;109;207;1;302
1586;210.69510236569974;108;206;2;302
1587;210.74642163018888;107;205;3;302
1588;210.77559089774596;108;205;2;303
1589;210.8589388190745;107;204;3;303
1590;210.9562070045956;106;203;4;303
1591;210.9724391240822;107;204;3;303
1592;211.00691424503876;108;204;2;304
1593;211.2252014946276;109;205;1;304
1594;211.4380085661777;108;204;2;304
1595;211.56356502593508;107;203;3;304
1596;211.61120471135558;108;203;2;305
1597;211.66027836505083;107;202;3;305
1598;211.67068988735306;108;202;2;306
1599;211.70422012781478;109;203;1;306
1600;212.0027003526191;108;202;2;306
1601;212.15782569718286;109;203;1;306
1602;212.23678395393213;110;203;0;307
1603;213.27792240217315;109;202;1;307
1604;213.6484324088083;110;203;0;307
1605;213.67504237766144;109;202;1;307
1606;213.74122808735672;110;203;0;307
1607;214.2237933136853;109;202;1;307
1608;214.37469790788876;110;202;0;308
1609;214.5774781769799;109;201;1;308
1610;214.63412627421434;110;201;0;309
1611;215.45805976514558;109;200;1;309
1612;215.88004632439583;110;201;0;309
1613;215.9135037731042;109;200;1;309
1614;216.0101403484093;108;199;2;309
1615;216.02360637589314;107;198;3;309
1616;216.1899641554279;106;197;4;309
1617;216.19504913671312;107;197;3;310
1618;216.2917936034048;108;197;2;311
1619;216.32351858152137;109;198;1;311
1620;216.39356690555576;110;199;0;311
1621;217.6744046565217;109;198;1;311
1622;217.85436559963625;110;199;0;311
1623;218.2927830843647;109;198;1;311
1624;218.5601387744262;110;199;0;311
1625;219.0364062910241;109;198;1;311
1626;219.44535826736399;110;199;0;311
1627;219.7965983012244;109;198;1;311
1628;219.82758087735112;110;199;0;311
1629;220.15011713910212;109;198;1;311
1630;220.17009012259552;110;199;0;311
1631;220.66342146484857;109;198;1;311
1632;221.068425107444;108;197;2;311
1633;221.08191473238912;109;197;1;312
1634;221.2883847333888;108;196;2;312
1635;221.29047409639415;109;197;1;312
1636;221.61725649710607;110;198;0;312
1637;222.12980243250473;109;197;1;312
1638;222.21510358243717;110;197;0;313
1639;222.37008849876236;109;196;1;313
1640;222.40385882733938;108;195;2;313
1641;222.54964324436725;109;196;1;313
1642;222.70728355661208;110;197;0;313
1643;223.39445679960485;109;196;1;313
1644;223.8659847522616;110;197;0;313
1645;224.39840515025924;109;196;1;313
1646;224.75672778728784;108;195;2;313
1647;224.76203434717306;109;196;1;313
1648;225.11748643216268;108;195;2;313
1649;225.2116783371606;107;194;3;313
1650;225.26767436079453;108;194;2;314
1651;225.40859982613844;109;195;1;314
1652;225.43490287596197;110;196;0;314
1653;225.61478921430572;109;195;1;314
1654;225.68754642339553;108;194;2;314
1655;225.70534396132595;109;194;1;315
1656;225.7532217129818;110;195;0;315
1657;226.12370137752748;109;194;1;315
1658;226.28192843714913;110;194;0;316
1659;226.32551830360268;109;193;1;316
1660;226.35999424875286;108;192;2;316
1661;226.54263888873905;109;192;1;317
1662;226.65548447136376;110;193;0;317
1663;227.40511572830002;109;192;1;317
1664;227.6050156667484;110;193;0;317
1665;228.1445868671583;109;192;1;317
1666;228.1507269092708;110;192;0;318
1667;228.31646913842087;109;191;1;318
1668;228.69753284904766;110;192;0;318
1669;228.79388172784832;109;191;1;318
1670;229.20504437111404;108;190;2;318
1671;229.2817514979372;107;189;3;318
1672;229.3105088836772;108;190;2;318
1673;229.40661549606034;109;190;1;319
1674;229.41881221844025;110;190;0;320
1675;230.68072557754923;109;189;1;320
1676;230.80592076610714;108;188;2;320
1677;230.86646846004743;109;189;1;320
1678;231.11614306817717;108;188;2;320
1679;231.27669691188865;109;189;1;320
1680;231.37649808431624;108;188;2;320
1681;231.40233832845834;107;187;3;320
1682;231.40405500191852;108;188;2;320
1683;231.56090612801768;109;189;1;320
1684;231.66723542044053;110;190;0;320
1685;233.2731289863788;109;189;1;320
1686;233.3710966340691;110;190;0;320
1687;233.46587378824148;109;189;1;320
1688;233.66265665587665;110;190;0;320
1689;233.6836726657185;109;189;1;320
1690;233.68849482211274;110;190;0;320
1691;234.12121929800847;109;189;1;320
1692;234.2299499785375;108;188;2;320
1693;234.330014784776;109;189;1;320
1694;234.42066286088277;108;188;2;320
1695;234.62651887402208;109;189;1;320
1696;234.689280587924;110;190;0;320
1697;234.91329605499175;109;189;1;320
1698;235.4468590934068;108;188;2;320
1699;235.47588338757524;107;187;3;320
1700;235.55089219582723;108;187;2;321
1701;235.55264675901563;109;187;1;322
1702;235.60046198384964;110;188;0;322
1703;235.9081485232049;109;187;1;322
1704;235.93316851954992;110;188;0;322
1705;236.86840288190672;109;187;1;322
1706;236.96452898055236;108;186;2;322
1707;237.0537547244748;109;187;1;322
1708;237.3047559070028;110;188;0;322
1709;237.71348345335664;109;187;1;322
1710;237.72867733213897;110;188;0;322
1711;237.74780846866062;109;187;1;322
1712;238.0623249413856;108;186;2;322
1713;238.15166730859394;109;186;1;323
1714;238.15425461108998;110;186;0;324
1715;239.35433636311873;109;185;1;324
1716;239.3823488559164;108;184;2;324
1717;239.49847165642083;109;184;1;325
1718;239.5193961746659;110;184;0;326
1719;239.93075772319614;109;183;1;326
1720;239.93849455507956;110;184;0;326
1721;240.34391382888344;109;183;1;326
1722;240.37200314036298;108;182;2;326
1723;240.41994641226046;107;181;3;326
1724;240.46145618342356;108;182;2;326
1725;240.58640145387753;107;181;3;326
1726;240.65540191672864;108;181;2;327
1727;240.65970827504543;109;181;1;328
1728;240.82771729965677;108;180;2;328
1729;240.89878811175595;109;181;1;328
1730;241.14289242160052;110;182;0;328
1731;241.3996237380478;109;181;1;328
1732;241.47445346361678;110;182;0;328
1733;242.628555165827;109;181;1;328
1734;242.81376251989164;108;180;2;328
1735;242.87367073974823;109;181;1;328
1736;243.07377966875217;108;180;2;328
1737;243.14591676913037;109;181;1;328
1738;243.29499302769844;110;182;0;328
1739;244.60833607218862;109;181;1;328
1740;244.82117328842446;110;181;0;329
1741;245.13997007963883;109;180;1;329
1742;245.24271000860924;108;179;2;329
1743;245.35375379005197;109;179;1;330
1744;245.59891929224472;110;180;0;330
1745;247.1129221171723;109;179;1;330
1746;247.13058031974313;110;179;0;331
1747;247.4752591008971;109;178;1;331
1748;247.61740110650103;110;178;0;332
1749;247.6181553797624;109;177;1;332
1750;247.62953768534658;108;176;2;332
1751;247.66523751563435;109;176;1;333
1752;247.72254378436787;110;177;0;333
1753;247.7936582255949;109;176;1;333
1754;248.06138713404863;108;175;2;333
1755;248.30394703385102;109;176;1;333
1756;248.56331432550655;110;177;0;333
1757;249.49914607420374;109;176;1;333
1758;249.61151771437068;110;177;0;333
1759;249.71153925280964;109;176;1;333
1760;249.74564924245485;110;176;0;334
1761;249.8867678722901;109;175;1;334
1762;249.99917053644347;110;176;0;334
1763;250.006678386732;109;175;1;334
1764;250.09035321103613;110;176;0;334
1765;250.9069271988866;109;175;1;334
1766;250.98548824369325;108;174;2;334
1767;251.00348534309674;107;173;3;334
1768;251.2037403970156;108;174;2;334
1769;251.46655068843572;109;175;1;334
1770;251.621270093764;110;176;0;334
1771;251.81106881804135;109;175;1;334
1772;251.98934920132757;110;176;0;334
1773;252.62993179303683;109;175;1;334
1774;252.66973012698412;110;176;0;334
1775;252.72294974648133;109;175;1;334
1776;252.82533155597457;108;174;2;334
1777;253.0043291944549;109;175;1;334
1778;253.0822598565631;108;174;2;334
1779;253.1153505383538;109;174;1;335
1780;253.12130885388925;108;173;2;335
1781;253.2852565944461;109;174;1;335
1782;253.81542842504552;108;173;2;335
1783;253.82884838689134;109;173;1;336
1784;253.87284019247502;110;174;0;336
1785;254.1733653759069;109;173;1;336
1786;254.6494806165462;110;173;0;337
1787;255.34526295231902;109;172;1;337
1788;255.6991313854883;110;172;0;338
1789;256.06086651282044;109;171;1;338
1790;256.0771079677541;108;170;2;338
1791;256.11698432953955;109;171;1;338
1792;256.2074090561343;108;170;2;338
1793;256.21482632236103;109;170;1;339
1794;256.23572145762415;110;171;0;339
1795;257.2910309608242;109;170;1;339
1796;257.4312347904386;110;171;0;339
1797;257.947006915187;109;170;1;339
1798;257.9533186898061;110;170;0;340
1799;258.0253062201453;109;169;1;340
1800;258.1057236177853;108;168;2;340
1801;258.12327623072923;109;169;1;340
1802;258.24182297454473;110;170;0;340
1803;259.2477918595084;109;169;1;340
1804;259.27522964025843;108;168;2;340
1805;259.44360636743914;109;169;1;340
1806;259.5203867336391;110;169;0;341
1807;260.07148669488583;109;168;1;341
1808;260.29175207499105;108;167;2;341
1809;260.3229926718517;109;168;1;341
1810;260.3306649243228;108;167;2;341
1811;260.3653009946527;109;168;1;341
1812;260.40542096876646;110;169;0;341
1813;261.49218161681137;109;168;1;341
1814;261.83864598859526;110;168;0;342
1815;263.41347292125874;109;167;1;342
1816;263.49167508035765;110;167;0;343
1817;264.14749655501606;109;166;1;343
1818;264.21648146861395;110;167;0;343
1819;264.24245777529677;109;166;1;343
1820;264.39764668170153;110;166;0;344
1821;264.5536374413649;109;165;1;344
1822;264.5831666557862;110;166;0;344
1823;265.1588816223265;109;165;1;344
1824;265.24823735642474;110;165;0;345
1825;265.40345251847145;109;164;1;345
1826;265.5620159614331;110;165;0;345
1827;265.6298122415457;109;164;1;345
1828;265.9427293623226;110;165;0;345
1829;266.08741568673537;109;164;1;345
1830;266.4868246729952;110;164;0;346
1831;266.65045920726345;109;163;1;346
1832;267.1023476686275;110;164;0;346
1833;267.16586359958734;109;163;1;346
1834;267.5001422064498;110;164;0;346
1835;267.7518574874391;109;163;1;346
1836;267.8854949139262;110;164;0;346
1837;270.71171942524734;109;163;1;346
1838;270.8697250257807;108;162;2;346
1839;270.919102887617;109;162;1;347
1840;270.9609739442936;108;161;2;347
1841;270.9699721380261;109;162;1;347
1842;271.03696150345087;110;162;0;348
1843;271.4725481688687;109;161;1;348
1844;271.5630344134397;110;161;0;349
1845;271.82090631406425;109;160;1;349
1846;271.9156748886318;108;159;2;349
1847;272.05229445463766;109;159;1;350
1848;272.6752006452239;110;159;0;351
1849;272.98728830658666;109;158;1;351
1850;273.55160560126524;108;157;2;351
1851;273.6021208316895;109;158;1;351
1852;274.1611962086411;110;159;0;351
1853;274.7882629991562;109;158;1;351
1854;275.11967638878747;110;158;0;352
1855;275.3449736030063;109;157;1;352
1856;275.6465894901138;110;158;0;352
1857;276.35590780633316;109;157;1;352
1858;276.3595488148793;110;158;0;352
1859;277.2007726634272;109;157;1;352
1860;277.48908055939233;110;158;0;352
1861;278.47105240392034;109;157;1;352
1862;278.51954435802395;110;158;0;352
1863;280.55921285987444;109;157;1;352
1864;280.672760039827;110;158;0;352
1865;281.11005547602406;109;157;1;352
1866;281.32017970596985;108;156;2;352
1867;281.5865385840401;109;157;1;352
1868;281.6391626090268;110;157;0;353
1869;283.722312246814;109;156;1;353
1870;283.7359023050533;108;155;2;353
1871;283.8539520471335;109;156;1;353
1872;284.0371136761905;108;155;2;353
1873;284.20082111745063;109;156;1;353
1874;284.45170395211466;110;156;0;354
1875;285.682734059763;109;155;1;354
1876;285.68984959330504;108;154;2;354
1877;285.82303075654664;109;155;1;354
1878;285.88937060954805;110;156;0;354
1879;286.23933076121693;109;155;1;354
1880;286.5480448865854;108;154;2;354
1881;286.58478411110053;109;154;1;355
1882;286.88307432925444;110;155;0;355
1883;287.77937501021563;109;154;1;355
1884;287.9321060393036;110;155;0;355
1885;288.40392276789436;109;154;1;355
1886;288.536063185516;110;154;0;356
1887;288.6781220708297;109;153;1;356
1888;288.7106154569405;110;153;0;357
1889;289.09361542563744;109;152;1;357
1890;289.20660577628564;110;153;0;357
1891;289.31778113883627;109;152;1;357
1892;289.54005627455075;110;152;0;358
1893;289.9433016754257;109;151;1;358
1894;290.2084362389477;110;151;0;359
1895;290.41561724029094;109;150;1;359
1896;291.05675178074483;110;151;0;359
1897;291.4967599173663;109;150;1;359
1898;291.6747075409064;110;150;0;360
1899;291.9338613602001;109;149;1;360
1900;292.137804598728;110;150;0;360
1901;292.28400372825485;109;149;1;360
1902;292.54428927831776;110;150;0;360
1903;292.6274714735249;109;149;1;360
1904;292.80014294966;108;148;2;360
1905;292.8868388336168;109;149;1;360
1906;293.0609177874313;110;150;0;360
1907;293.6440388040568;109;149;1;360
1908;293.7131273950587;110;150;0;360
1909;294.3259224709215;109;149;1;360
1910;294.45769012542894;110;150;0;360
1911;295.4230813303679;109;149;1;360
1912;295.57478455237526;110;150;0;360
1913;295.6171520723777;109;149;1;360
1914;295.81270844368396;110;150;0;360
1915;296.8442321437962;109;149;1;360
1916;296.89675465320187;110;150;0;360
1917;297.2727944601305;109;149;1;360
1918;297.2887159247324;108;148;2;360
1919;297.3390721067965;109;149;1;360
1920;297.86822855591316;110;150;0;360
1921;299.3014127688698;109;149;1;360
1922;299.5473491110619;108;148;2;360
1923;299.60334004697995;109;149;1;360
1924;299.6129712882211;110;149;0;361
1925;299.9123144266781;109;148;1;361
1926;299.99690639602744;110;148;0;362
1927;300.2471081747361;109;147;1;362
1928;300.3365917492035;110;148;0;362
1929;300.49810947073115;109;147;1;362
1930;300.66842225710803;108;146;2;362
1931;300.88907811735254;109;147;1;362
1932;301.0948824511005;110;148;0;362
1933;301.52156338744356;109;147;1;362
1934;301.95428341372804;110;148;0;362
1935;301.982541225654;109;147;1;362
1936;302.1105544089503;108;146;2;362
1937;302.1739425119624;109;147;1;362
1938;302.29573548043663;110;148;0;362
1939;302.6380553609312;109;147;1;362
1940;302.7464620039467;110;148;0;362
1941;304.5766579333868;109;147;1;362
1942;304.9541362996909;108;146;2;362
1943;304.97379572643547;109;146;1;363
1944;305.0013522563583;108;145;2;363
1945;305.0598826874599;109;146;1;363
1946;305.16991553563435;108;145;2;363
1947;305.21988545169586;109;146;1;363
1948;305.28325685616596;110;147;0;363
1949;306.07237406521784;109;146;1;363
1950;306.19421815618597;108;145;2;363
1951;306.3527869714028;109;145;1;364
1952;306.3527989132901;110;146;0;364
1953;306.39457557062605;109;145;1;364
1954;306.57746464185743;108;144;2;364
1955;306.59441488245704;109;145;1;364
1956;306.7366923944083;108;144;2;364
1957;306.74402034818075;109;144;1;365
1958;306.9892325480681;110;145;0;365
1959;307.31733402685325;109;144;1;365
1960;307.3652026624439;108;143;2;365
1961;307.41570209938754;109;144;1;365
1962;307.94232801516654;108;143;2;365
1963;308.0677885059266;109;144;1;365
1964;308.43289446136697;108;143;2;365
1965;308.5619173991506;109;144;1;365
1966;308.63894838839286;110;144;0;366
1967;309.9838495233604;109;143;1;366
1968;310.0423635850794;110;144;0;366
1969;312.147608605004;109;143;1;366
1970;312.21009078680333;110;144;0;366
1971;312.9856698291276;109;143;1;366
1972;313.010181184473;110;144;0;366
1973;313.18826410491727;109;143;1;366
1974;313.2159728321545;110;143;0;367
1975;313.4036491689186;109;142;1;367
1976;313.4641296485395;110;143;0;367
1977;313.9832577414064;109;142;1;367
1978;314.3394608243886;110;142;0;368
1979;314.5974372598151;109;141;1;368
1980;314.5996214910931;110;141;0;369
1981;317.1367084212556;109;140;1;369
1982;317.1624579809612;110;141;0;369
1983;317.6822769440781;109;140;1;369
1984;317.69804082486746;110;141;0;369
1985;318.3631241716019;109;140;1;369
1986;318.5388922508422;108;139;2;369
1987;318.589801395328;109;139;1;370
1988;319.44008477802305;110;139;0;371
1989;319.73096397175965;109;138;1;371
1990;319.8502011431544;110;138;0;372
1991;319.9131130282525;109;137;1;372
1992;319.98639920340935;110;137;0;373
1993;320.4166315941175;109;136;1;373
1994;320.9459799769168;110;137;0;373
1995;321.4761882260599;109;136;1;373
1996;321.53830213372487;110;137;0;373
1997;321.6938736308404;109;136;1;373
1998;321.7868894484628;108;135;2;373
1999;322.009057471189;109;136;1;373
2000;322.0248530026816;110;137;0;373
2001;322.0505527575265;109;136;1;373
2002;322.211245402552;108;135;2;373
2003;322.4385044235984;109;136;1;373
2004;322.47032537980135;110;137;0;373
2005;322.66623489299485;109;136;1;373
2006;323.12850977819926;108;135;2;373
2007;323.1967131788076;109;135;1;374
2008;323.24406712702245;110;136;0;374
2009;324.87806796314254;109;135;1;374
2010;324.89180582454065;108;134;2;374
2011;324.968312617655;109;135;1;374
2012;325.1124601812517;110;135;0;375
2013;326.28220889265975;109;134;1;375
2014;326.56826777150195;110;135;0;375
2015;326.7307636295126;109;134;1;375
2016;326.9814261365742;108;133;2;375
2017;327.0652870142329;107;132;3;375
2018;327.3297793674247;108;133;2;375
2019;327.4772437690108;107;132;3;375
2020;327.60241862161075;108;132;2;376
2021;327.7562710595312;109;132;1;377
2022;327.81774380428146;110;133;0;377
2023;328.77336966723317;109;132;1;377
2024;328.7976368036264;110;132;0;378
2025;328.896135730825;109;131;1;378
2026;329.05944691445933;110;132;0;378
2027;329.4107847407167;109;131;1;378
2028;329.5619581584118;110;131;0;379
2029;329.85079241478627;109;130;1;379
2030;329.9514508548347;108;129;2;379
2031;330.0664268384477;109;130;1;379
2032;330.30443734823416;110;130;0;380
2033;330.56727257548727;109;129;1;380
2034;330.7576759362944;108;128;2;380
2035;330.8360852118001;107;127;3;380
2036;330.85222055419626;108;127;2;381
2037;330.90156377912047;109;128;1;381
2038;331.9013099643842;110;129;0;381
2039;332.6952752152063;109;128;1;381
2040;333.1330980356012;110;129;0;381
2041;334.4088836270758;109;128;1;381
2042;334.42165857859334;110;128;0;382
2043;336.3702720211759;109;127;1;382
2044;336.6969903299457;110;127;0;383
2045;336.9991640268404;109;126;1;383
2046;337.4900096961023;110;127;0;383
2047;337.5993246023137;109;126;1;383
2048;337.96263130547305;110;126;0;384
2049;338.18636701246714;109;125;1;384
2050;338.5112182321004;110;126;0;384
2051;338.71563370118076;109;125;1;384
2052;339.0460168793923;110;126;0;384
2053;339.0510922716814;109;125;1;384
2054;339.13501466308975;110;126;0;384
2055;339.8012775787999;109;125;1;384
2056;339.932393846733;108;124;2;384
2057;339.9973332239019;109;125;1;384
2058;340.0663362917952;110;126;0;384
2059;342.347224571312;109;125;1;384
2060;342.6142032198312;108;124;2;384
2061;342.6165219509044;109;125;1;384
2062;342.626790511281;110;126;0;384
2063;343.11557067509557;109;125;1;384
2064;343.3078612662928;108;124;2;384
2065;343.31975114029956;109;125;1;384
2066;343.32426201798756;108;124;2;384
2067;343.3305832807788;109;124;1;385
2068;344.5388513096232;110;125;0;385
2069;345.1426051905203;109;124;1;385
2070;345.43581714295766;110;124;0;386
2071;345.87564660572554;109;123;1;386
2072;345.9232199296341;110;123;0;387
2073;346.40270236932685;109;122;1;387
2074;346.4430609333938;110;123;0;387
2075;346.5413561885308;109;122;1;387
2076;346.5413999868573;110;123;0;387
2077;346.95945993698774;109;122;1;387
2078;347.1981998653309;110;123;0;387
2079;347.37594788889425;109;122;1;387
2080;347.42813737309604;110;122;0;388
2081;348.04457094079373;109;121;1;388
2082;348.0495392059958;110;121;0;389
2083;348.4841858721861;109;120;1;389
2084;349.0180641152157;110;121;0;389
2085;349.76036938016193;109;120;1;389
2086;349.9320652552434;110;120;0;390
2087;350.0863188134;109;119;1;390
2088;350.9455923304112;110;120;0;390
2089;351.123232752663;109;119;1;390
2090;351.51245917892226;110;120;0;390
2091;351.8633115148672;109;119;1;390
2092;351.8859546361817;108;118;2;390
2093;351.99773217734224;107;117;3;390
2094;352.0845018653111;108;118;2;390
2095;352.1133754941112;109;119;1;390
2096;352.3419445491158;110;120;0;390
2097;353.45921566669267;109;119;1;390
2098;354.06108644268687;108;118;2;390
2099;354.0789146710766;109;119;1;390
2100;354.1771489681905;110;120;0;390
2101;354.24302898870747;109;119;1;390
2102;354.7045139276371;110;119;0;391
2103;355.1689486380507;109;118;1;391
2104;355.17530604224777;110;119;0;391
2105;355.31435867424307;109;118;1;391
2106;355.39426692889253;110;118;0;392
2107;356.01099179586936;109;117;1;392
2108;356.2483145500059;110;118;0;392
2109;357.27177710985103;109;117;1;392
2110;357.4562289302748;110;118;0;392
2111;359.9778426380583;109;117;1;392
2112;359.9948930536569;110;118;0;392
2113;360.656333581509;109;117;1;392
2114;360.83695695733024;108;116;2;392
2115;360.8773350309987;109;116;1;393
2116;360.89285715181944;110;116;0;394
2117;362.94686402523905;109;115;1;394
2118;363.10827606248324;108;114;2;394
2119;363.17404538879737;109;115;1;394
2120;363.26823480403294;110;116;0;394
2121;365.0707933483754;109;115;1;394
2122;365.07168668637155;110;115;0;395
2123;365.52457507627173;109;114;1;395
2124;365.700905468854;110;115;0;395
2125;367.57177434545804;109;114;1;395
2126;367.62396870199086;110;114;0;396
2127;371.54579756777855;109;113;1;396
2128;371.79651587164955;108;112;2;396
2129;371.8757974260935;107;111;3;396
2130;371.8929287065383;108;111;2;397
2131;371.89300720686896;109;111;1;398
2132;372.07303476592386;110;112;0;398
2133;372.4414738245894;109;111;1;398
2134;372.633879881801;110;112;0;398
2135;373.01479460978123;109;111;1;398
2136;373.19928985385866;110;111;0;399
2137;375.55622699081306;109;110;1;399
2138;375.61688860932696;110;111;0;399
2139;377.7524865636524;109;110;1;399
2140;377.81653403945484;110;111;0;399
2141;378.9091735024182;109;110;1;399
2142;379.22485122637465;108;109;2;399
2143;379.2400166393462;109;109;1;400
2144;379.3140773858236;110;109;0;401
2145;379.59263071796005;109;108;1;401
2146;379.84612254262237;110;109;0;401
2147;381.9067956654072;109;108;1;401
2148;382.1035566359988;110;108;0;402
2149;383.14833059893704;109;107;1;402
2150;383.1774849210324;110;108;0;402
2151;383.1924982564989;109;107;1;402
2152;383.23591490176204;108;106;2;402
2153;383.27812341337665;109;106;1;403
2154;383.33579408167026;108;105;2;403
2155;383.36473921787547;107;104;3;403
2156;383.4404330673876;108;105;2;403
2157;383.87012970431243;109;105;1;404
2158;384.07558523970334;110;106;0;404
2159;384.7420331101609;109;105;1;404
2160;384.83524102702603;110;106;0;404
2161;385.5751239812725;109;105;1;404
2162;386.0500835152296;108;104;2;404
2163;386.21428118523994;109;105;1;404
2164;386.5096791154764;110;105;0;405
2165;387.422666002796;109;104;1;405
2166;387.866534385247;110;104;0;406
2167;387.96182078669324;109;103;1;406
2168;388.28236064053243;110;104;0;406
2169;390.7853988201538;109;103;1;406
2170;390.9142568737031;110;103;0;407
2171;393.2319031824492;109;102;1;407
2172;393.41426428173116;110;103;0;407
2173;394.4927558429848;109;102;1;407
2174;394.54401597896674;110;103;0;407
2175;397.3783344296296;109;102;1;407
2176;397.4072233628972;110;103;0;407
2177;397.71342439372165;109;102;1;407
2178;397.7310658181748;110;103;0;407
2179;398.23580306843235;109;102;1;407
2180;398.3183517505593;110;102;0;408
2181;398.4667180017957;109;101;1;408
2182;398.6346339475066;110;102;0;408
2183;400.889862100124;109;101;1;408
2184;400.97465753214345;110;101;0;409
2185;401.1001499002893;109;100;1;409
2186;401.215795297527;110;101;0;409
2187;401.28358988221584;109;100;1;409
2188;401.3198163950359;110;101;0;409
2189;401.4113347703628;109;100;1;409
2190;401.4591331555723;110;100;0;410
2191;403.0841173730676;109;99;1;410
2192;403.1034430172271;108;98;2;410
2193;403.2191578269477;109;99;1;410
2194;403.26498726858006;110;100;0;410
2195;406.11040279621284;109;99;1;410
2196;406.7317651259241;110;100;0;410
2197;407.80451311701853;109;99;1;410
2198;407.9010245590239;110;99;0;411
2199;407.9499972168123;109;98;1;411
2200;408.12107645238586;110;98;0;412
2201;409.0695901938401;109;97;1;412
2202;409.1125308807386;110;97;0;413
2203;409.23714611526185;109;96;1;413
2204;409.3009946380594;110;97;0;413
2205;411.5069234017334;109;96;1;413
2206;411.80081049239635;110;97;0;413
2207;412.79960022400905;109;96;1;413
2208;413.0289803926702;110;96;0;414
2209;413.6071029921529;109;95;1;414
2210;414.3728095704776;110;96;0;414
2211;416.52901200971905;109;95;1;414
2212;416.96829839374436;110;96;0;414
2213;417.24245671730915;109;95;1;414
2214;417.31374411753006;110;96;0;414
2215;418.2097137142493;109;95;1;414
2216;418.50063058866397;110;95;0;415
2217;419.3897079410396;109;94;1;415
2218;419.550774798645;110;95;0;415
2219;420.2170300537095;109;94;1;415
2220;420.3053352960201;110;95;0;415
2221;420.4763732383764;109;94;1;415
2222;420.58648915135325;110;94;0;416
2223;423.4166479080933;109;93;1;416
2224;423.80280270237853;110;93;0;417
2225;426.7145985372768;109;92;1;417
2226;427.33503278672026;108;91;2;417
2227;427.3383610758721;109;92;1;417
2228;427.61095700164515;110;93;0;417
2229;433.4270681126917;109;92;1;417
2230;433.4431432351203;110;92;0;418
2231;434.91395764213934;109;91;1;418
2232;435.1241066200873;110;92;0;418
2233;435.256642078723;109;91;1;418
2234;435.33503458479805;110;92;0;418
2235;435.4690162356462;109;91;1;418
2236;435.66452065496276;108;90;2;418
2237;435.8278431867753;107;89;3;418
2238;435.97356513725356;108;90;2;418
2239;435.9955015922556;109;91;1;418
2240;436.1114447706907;108;90;2;418
2241;436.1834864460017;109;91;1;418
2242;436.59181049736935;110;91;0;419
2243;436.680011449451;109;90;1;419
2244;436.90571384724274;110;91;0;419
2245;437.09556513458097;109;90;1;419
2246;437.2643335983826;110;91;0;419
2247;437.96363949221535;109;90;1;419
2248;438.09209004436747;110;90;0;420
2249;439.901832313381;109;89;1;420
2250;439.93600416884493;110;90;0;420
2251;441.5610332163049;109;89;1;420
2252;441.8567015217299;110;90;0;420
2253;442.8688101869653;109;89;1;420
2254;442.89398663265956;110;90;0;420
2255;443.9191680662199;109;89;1;420
2256;443.95631856382636;110;90;0;420
2257;444.0644299142746;109;89;1;420
2258;444.57388605273655;110;90;0;420
2259;445.0130295418182;109;89;1;420
2260;445.0782531655854;110;90;0;420
2261;447.28167640825046;109;89;1;420
2262;447.31863202252106;110;90;0;420
2263;447.3504307479311;109;89;1;420
2264;447.3659237469285;110;89;0;421
2265;447.5046986010638;109;88;1;421
2266;447.73346649054184;110;89;0;421
2267;449.67183595303027;109;88;1;421
2268;449.699228958524;110;88;0;422
2269;450.0965816614395;109;87;1;422
2270;450.26565353291664;110;88;0;422
2271;450.9546502800695;109;87;1;422
2272;451.2938272599138;108;86;2;422
2273;451.295960735764;107;85;3;422
2274;451.2967630266973;108;85;2;423
2275;451.4726826213292;109;86;1;423
2276;451.56194565453575;108;85;2;423
2277;451.5984671801707;109;86;1;423
2278;451.8737924804801;110;86;0;424
2279;452.0247519837764;109;85;1;424
2280;452.09541240954525;110;85;0;425
2281;452.91935724417374;109;84;1;425
2282;453.33789625226643;110;85;0;425
2283;455.70524076766236;109;84;1;425
2284;455.80541635136666;108;83;2;425
2285;456.1103715268114;109;84;1;425
2286;456.2506361068269;110;85;0;425
2287;456.56502172924365;109;84;1;425
2288;457.134425933744;110;85;0;425
2289;457.33084825627986;109;84;1;425
2290;457.38023298876266;110;85;0;425
2291;457.99275325585575;109;84;1;425
2292;458.19900932490253;110;84;0;426
2293;459.654406280539;109;83;1;426
2294;459.97474361456545;110;84;0;426
2295;460.99495230640184;109;83;1;426
2296;461.57127368369135;110;84;0;426
2297;464.36804764489057;109;83;1;426
2298;464.4347808519149;108;82;2;426
2299;464.51230538740026;109;82;1;427
2300;464.73411985217047;110;83;0;427
2301;466.04889113151114;109;82;1;427
2302;466.06044504373284;110;83;0;427
2303;468.10802014240625;109;82;1;427
2304;468.11716652032;110;83;0;427
2305;470.7561166997373;109;82;1;427
2306;470.9578909689985;110;82;0;428
2307;471.1037195668987;109;81;1;428
2308;471.5535970707688;110;82;0;428
2309;473.9323196785271;109;81;1;428
2310;474.42134055582915;110;81;0;429
2311;474.7022844667629;109;80;1;429
2312;474.8072723029448;110;80;0;430
2313;475.8205657181609;109;79;1;430
2314;475.9955985978068;110;80;0;430
2315;478.0818122830649;109;79;1;430
2316;478.0890882580762;110;80;0;430
2317;478.26941495230636;109;79;1;430
2318;478.33248617621615;110;80;0;430
2319;480.5340307097843;109;79;1;430
2320;480.5625481999708;110;80;0;430
2321;481.483886256347;109;79;1;430
2322;481.5540147151014;108;78;2;430
2323;481.6725687251114;107;77;3;430
2324;481.67653882425515;108;77;2;431
2325;481.7503584327195;109;77;1;432
2326;481.78492840328;110;78;0;432
2327;483.184630311024;109;77;1;432
2328;483.3092727142976;110;78;0;432
2329;483.6547198703852;109;77;1;432
2330;483.75304658941155;110;77;0;433
2331;484.71371518703455;109;76;1;433
2332;484.81278653622286;110;77;0;433
2333;487.9543984892283;109;76;1;433
2334;488.17824040718745;110;77;0;433
2335;490.7073548975724;109;76;1;433
2336;491.75638869921426;110;76;0;434
2337;492.2743599253139;109;75;1;434
2338;492.35313491800906;110;76;0;434
2339;493.48803538065346;109;75;1;434
2340;493.56120110443413;110;76;0;434
2341;495.4779234306365;109;75;1;434
2342;495.78997915426504;108;74;2;434
2343;495.92073726441913;109;75;1;434
2344;495.9936360702807;110;76;0;434
2345;496.1219986945306;109;75;1;434
2346;496.2151918974261;110;75;0;435
2347;496.9722752593537;109;74;1;435
2348;497.19257231019463;110;74;0;436
2349;498.9166675670814;109;73;1;436
2350;499.2479643622142;108;72;2;436
2351;499.2555513153381;109;73;1;436
2352;499.3566390849797;110;74;0;436
2353;499.4268990130689;109;73;1;436
2354;499.97178720147224;108;72;2;436
